id,title,reach,impact,confidence,effort_days,source,depends_on,rationale
P5-01,Noise-mismatch robustness sweep,8,2,80,5,MODEL.md finding 5,,"Every calibrated result assumes the filter is told the true sensor noise. Mismatch is not exercised by any case. The sweep pattern already exists (outage_sweep.py is about 200 lines) and the filter sigmas are set in one place (benchmark.py)."
P5-02,Benchmark the fault matrix with detection and false-alarm rates,6,2,80,8,Track A exit test; FMEA-lite gaps,,"Spoofing, slow GNSS bias, IMU loss, timestamp offset and vision outages are injectable but unit-tested only. Measuring them closes the biggest gap in the FMEA-lite table. The modest-offset-after-outage spoof case is a known open problem, so scope is measure and report, not fix."
P5-03,Fix visual overconfidence structurally (multi-anchor or sliding window),10,3,50,21,Blocker B1; L2,,"Changes the headline result, but the formulation is undecided, ADR-0003 deferred it, and the exit gate (NEES below 10, coverage above 90%) may not be reachable with a NumPy-only filter."
P5-04,Wire the inert bias sigmas and add velocity process noise,5,1,80,5,MODEL.md findings 1 3 4,,"Correctness hygiene. Moves the golden snapshot, so it needs a deliberate regeneration and a review of every published number. Done: the velocity process noise (ADR-0014) and the inert bias sigmas (ADR-0015)."
P5-05,Rename the per-second drift keys to per-square-root-second with an alias,2,0.5,100,2,MODEL.md finding 2,P5-04,"Units bug in names only. Breaking for configs unless an alias is kept."
P5-06,Accelerometer-bias falsification experiment,3,1,50,5,L8,P5-04,"Cannot be run honestly while the bias sigma fields are inert."
P5-07,Sensor synchronisation and calibration specification,3,1,80,3,Track C,,"Documentation. The timing model and what is measured versus assumed. Feeds P5-02 (timestamp offset)."
P5-08,Check the SRS traceability matrix with a script,4,1,80,3,Track C exit test,,"The matrix can drift today. A script that fails CI when a requirement names a missing test turns it into a checked claim, which is the pattern this repository already uses for tables."
P5-09,Rewrite the baseline records and fix stale statements,3,0.5,100,3,Phase 4 decision 2,,"Records excluded from the public site predate the work. The eskf.py module docstring quotes an old measurement."
P5-10,Release hygiene: provenance attestation and digest-pinned base image,3,0.5,80,5,ADR-0011 gaps,,"Closes the not-done list in ADR-0011 before a tagged release."
P5-11,Comparison against an established consistent estimator,8,2,50,21,L3,P5-03,"Needs an external reference implementation and a scene export, which strains the zero-dependency rule (S1)."
P5-12,"Housekeeping: review Dependabot 5, decide on uv.lock, close stale PR 34",1,0.25,100,1,Phase 4 open items,,"Small but leaves no stale items on the board."
P5-13,Documented fetch path for the TUM VI reference data,2,0.5,50,3,B4; L9,,"Two tests skip without it. Must not vendor the data (S2)."
