experiment,arm,param,seed,peak_error_m,gnss_rejected,gnss_faulted,error_after_return_m
ablation,baseline,,0,10.47691942031785,0.0,0.0,0.21303625787871414
ablation,baseline,,1,36.75705859337501,0.0,0.0,0.37245842817314795
ablation,baseline,,2,12.986398358399692,0.0,0.0,0.28598508357542807
ablation,baseline,,3,35.29841759089827,0.0,0.0,0.327926231923414
ablation,baseline,,4,45.82331827052759,0.0,0.0,0.07672582142810233
ablation,baseline,,5,18.331060754883183,0.0,0.0,0.33319221135586113
ablation,baseline,,6,4.995019247132113,0.0,0.0,0.32604262562971825
ablation,baseline,,7,10.30650661538958,0.0,0.0,0.22971976355212814
ablation,no accelerometer bias,,0,10.447275038687012,0.0,0.0,0.21867569735079195
ablation,no accelerometer bias,,1,36.833197482038365,0.0,0.0,0.37687317258332576
ablation,no accelerometer bias,,2,12.722799692847696,0.0,0.0,0.3072361119334323
ablation,no accelerometer bias,,3,35.39584371736632,0.0,0.0,0.3443685609641637
ablation,no accelerometer bias,,4,45.70218562171328,0.0,0.0,0.09354494233732454
ablation,no accelerometer bias,,5,18.1232751327496,0.0,0.0,0.33864108834418966
ablation,no accelerometer bias,,6,4.898614058189511,0.0,0.0,0.33786552312588114
ablation,no accelerometer bias,,7,10.090540613763931,0.0,0.0,0.21691270816830646
ablation,no gyroscope bias,,0,10.57300527640205,0.0,0.0,0.20302743390630468
ablation,no gyroscope bias,,1,36.63266435231486,0.0,0.0,0.3585537716919808
ablation,no gyroscope bias,,2,12.83385179072878,0.0,0.0,0.2791675912953867
ablation,no gyroscope bias,,3,35.36563022818236,0.0,0.0,0.33055098970979113
ablation,no gyroscope bias,,4,45.900255749429675,0.0,0.0,0.0732668638175448
ablation,no gyroscope bias,,5,18.262783316748155,0.0,0.0,0.34508253390139704
ablation,no gyroscope bias,,6,4.941521448172818,0.0,0.0,0.32382454248018944
ablation,no gyroscope bias,,7,10.309555155527464,0.0,0.0,0.24213573174778408
ablation,no accelerometer white noise,,0,10.249932910421927,0.0,0.0,0.2053084954987411
ablation,no accelerometer white noise,,1,36.74224485763231,0.0,0.0,0.38475023110742657
ablation,no accelerometer white noise,,2,13.114080456703846,0.0,0.0,0.2851333019076007
ablation,no accelerometer white noise,,3,35.469617183040945,0.0,0.0,0.32573388600506936
ablation,no accelerometer white noise,,4,45.79631551413279,0.0,0.0,0.06974390419110171
ablation,no accelerometer white noise,,5,18.022714958506633,0.0,0.0,0.3336706015592859
ablation,no accelerometer white noise,,6,5.158767187709435,0.0,0.0,0.32236545140540973
ablation,no accelerometer white noise,,7,10.386127588253084,0.0,0.0,0.22863801433204067
ablation,no gyroscope white noise,,0,9.771880031953568,0.0,0.0,0.19588288156727948
ablation,no gyroscope white noise,,1,36.998149145389846,0.0,0.0,0.3880738195252877
ablation,no gyroscope white noise,,2,13.596329568160128,0.0,0.0,0.32934239452542297
ablation,no gyroscope white noise,,3,34.897807532369704,0.0,0.0,0.28535971377878633
ablation,no gyroscope white noise,,4,44.97683616626307,0.0,0.0,0.11988529262675857
ablation,no gyroscope white noise,,5,17.990968988674343,0.0,0.0,0.36162083152103985
ablation,no gyroscope white noise,,6,5.468171267776518,0.0,0.0,0.4237408300335319
ablation,no gyroscope white noise,,7,10.951626348648928,0.0,0.0,0.25569873149919453
ablation,no inertial errors,,0,9.627582353859477,0.0,0.0,0.18528673001252613
ablation,no inertial errors,,1,36.93737680779521,0.0,0.0,0.3905676771090696
ablation,no inertial errors,,2,13.30852873541385,0.0,0.0,0.33986574201372427
ablation,no inertial errors,,3,35.22655411798961,0.0,0.0,0.3042149499618133
ablation,no inertial errors,,4,44.905765584793016,0.0,0.0,0.12152700637781028
ablation,no inertial errors,,5,17.409463235234814,0.0,0.0,0.37960116294357343
ablation,no inertial errors,,6,5.491843970633674,0.0,0.0,0.42709307073174885
ablation,no inertial errors,,7,10.815526679333514,0.0,0.0,0.26175301266616174
ablation,start known exactly,,0,2.0525409209729415,4.0,0.0,0.29074297313748854
ablation,start known exactly,,1,1.8856426103272723,1.0,0.0,0.0476173960007504
ablation,start known exactly,,2,1.8871046351663685,3.0,0.0,0.343408858847278
ablation,start known exactly,,3,1.9978156343561235,3.0,0.0,0.33024040258082754
ablation,start known exactly,,4,1.8390474724509493,1.0,0.0,0.21723439872125397
ablation,start known exactly,,5,1.8651067604898595,1.0,0.0,0.22788188659502126
ablation,start known exactly,,6,2.1431895596699517,4.0,0.0,0.18905829841577448
ablation,start known exactly,,7,1.8470042043435517,0.0,0.0,0.35616042694778377
ablation,"start known exactly, no inertial errors",,0,1.8846659860462984,8.0,0.0,1.8720261762515364
ablation,"start known exactly, no inertial errors",,1,1.8846659860462984,4.0,0.0,1.8720261762515364
ablation,"start known exactly, no inertial errors",,2,1.8846659860462984,7.0,0.0,1.8720261762515364
ablation,"start known exactly, no inertial errors",,3,1.8846659860462984,9.0,0.0,1.8720261762515364
ablation,"start known exactly, no inertial errors",,4,1.8846659860462984,4.0,0.0,1.8720261762515364
ablation,"start known exactly, no inertial errors",,5,1.8846659860462984,2.0,0.0,1.8720261762515364
ablation,"start known exactly, no inertial errors",,6,1.8846659860462984,7.0,0.0,1.8720261762515364
ablation,"start known exactly, no inertial errors",,7,1.8846659860462984,4.0,0.0,1.8720261762515364
ablation,GNSS noise x0.5,,0,7.939706054376129,0.0,0.0,0.15966645917950412
ablation,GNSS noise x0.5,,1,28.466868684165007,0.0,0.0,0.21137499377672206
ablation,GNSS noise x0.5,,2,10.44682522957858,0.0,0.0,0.14290765602175745
ablation,GNSS noise x0.5,,3,31.006485669672525,0.0,0.0,0.19731884572781966
ablation,GNSS noise x0.5,,4,30.058682499191942,0.0,0.0,0.0535252826157837
ablation,GNSS noise x0.5,,5,13.920524377375184,0.0,0.0,0.1550668700568137
ablation,GNSS noise x0.5,,6,9.340136895855341,0.0,0.0,0.12329252973518233
ablation,GNSS noise x0.5,,7,7.216080696305541,0.0,0.0,0.1284581745422826
ablation,GNSS noise x0.1,,0,2.49379563695585,0.0,0.0,0.0570642697316849
ablation,GNSS noise x0.1,,1,7.120895629838511,0.0,0.0,0.05393003120005596
ablation,GNSS noise x0.1,,2,1.9473266903308735,0.0,0.0,0.034822304695889233
ablation,GNSS noise x0.1,,3,8.821527188526005,0.0,0.0,0.04538453998058301
ablation,GNSS noise x0.1,,4,8.62851767056717,0.0,0.0,0.03911612018380475
ablation,GNSS noise x0.1,,5,4.666704132067403,0.0,0.0,0.03250377383448635
ablation,GNSS noise x0.1,,6,3.155722235183597,0.0,0.0,0.016172642898392004
ablation,GNSS noise x0.1,,7,2.389567169544354,0.0,0.0,0.036034674115832256
escalation,accelerometer bias,3.0,0,10.557286658515629,0.0,0.0,0.19836494535706445
escalation,accelerometer bias,3.0,1,36.60665256876525,0.0,0.0,0.3571516849041223
escalation,accelerometer bias,3.0,2,13.565628146418595,0.0,0.0,0.27188877020866103
escalation,accelerometer bias,3.0,3,35.112396898913836,0.0,0.0,0.30503403239161603
escalation,accelerometer bias,3.0,4,46.06737979626701,0.0,0.0,0.0638549971269218
escalation,accelerometer bias,3.0,5,18.75263270662667,0.0,0.0,0.32470351439235223
escalation,accelerometer bias,3.0,6,5.247412285558898,0.0,0.0,0.3182350924693903
escalation,accelerometer bias,3.0,7,10.751753083919304,0.0,0.0,0.22677405780125773
escalation,accelerometer bias,10.0,0,11.043168823364555,0.0,0.0,0.31387865306151413
escalation,accelerometer bias,10.0,1,36.10365829978809,0.0,0.0,0.32282149749877825
escalation,accelerometer bias,10.0,2,15.910752013026396,0.0,0.0,0.24555840316351238
escalation,accelerometer bias,10.0,3,34.52866225209767,0.0,0.0,0.25422992952807705
escalation,accelerometer bias,10.0,4,46.9422833742565,0.0,0.0,0.09408280339350665
escalation,accelerometer bias,10.0,5,20.295360225331326,0.0,0.0,0.36035886109001375
escalation,accelerometer bias,10.0,6,6.44719930074778,0.0,0.0,0.33243366606698865
escalation,accelerometer bias,10.0,7,12.391202200039361,0.0,0.0,0.2533132849702185
escalation,accelerometer bias,30.0,0,13.602464925217795,0.0,0.0,0.4503308988557648
escalation,accelerometer bias,30.0,1,34.96034294934886,0.0,0.0,0.2797871027786763
escalation,accelerometer bias,30.0,2,22.142129392358928,0.0,0.0,0.23643929028386657
escalation,accelerometer bias,30.0,3,33.22868665467294,0.0,0.0,0.14607702778555098
escalation,accelerometer bias,30.0,4,49.57702035978245,0.0,0.0,0.08160281487518165
escalation,accelerometer bias,30.0,5,25.13933912041558,0.0,0.0,0.4044447149906095
escalation,accelerometer bias,30.0,6,10.432365699856776,0.0,0.0,0.37322504014879987
escalation,accelerometer bias,30.0,7,16.8741396373843,0.0,0.0,0.4012675629863326
escalation,accelerometer bias,100.0,0,22.419931790750407,0.0,0.0,0.5235451879333533
escalation,accelerometer bias,100.0,1,34.24900722086618,0.0,0.0,0.26938121556648326
escalation,accelerometer bias,100.0,2,32.88844174941335,0.0,0.0,0.3058616604983719
escalation,accelerometer bias,100.0,3,35.685994461235985,0.0,0.0,0.21319067351896911
escalation,accelerometer bias,100.0,4,56.594015819782705,0.0,0.0,0.2040001420138099
escalation,accelerometer bias,100.0,5,36.723735137282404,0.0,0.0,0.48051689668268754
escalation,accelerometer bias,100.0,6,29.118756417074255,0.0,0.0,0.36722289675430886
escalation,accelerometer bias,100.0,7,27.304347607565617,0.0,0.0,0.5186472665616588
escalation,gyroscope bias,3.0,0,10.285597150440552,0.0,0.0,0.236119311153834
escalation,gyroscope bias,3.0,1,37.006379454049565,0.0,0.0,0.400258631710659
escalation,gyroscope bias,3.0,2,13.29361990708377,0.0,0.0,0.3027506574415973
escalation,gyroscope bias,3.0,3,35.16524763364922,0.0,0.0,0.32302417112024645
escalation,gyroscope bias,3.0,4,45.670064325128685,0.0,0.0,0.08248621949482152
escalation,gyroscope bias,3.0,5,18.46873456260313,0.0,0.0,0.3096392409001864
escalation,gyroscope bias,3.0,6,5.103639854185668,0.0,0.0,0.3304770270526245
escalation,gyroscope bias,3.0,7,10.311574034641716,0.0,0.0,0.21035535038314715
escalation,gyroscope bias,10.0,0,9.625543477036617,0.0,0.0,0.33633818818252437
escalation,gyroscope bias,10.0,1,37.884564016073135,0.0,0.0,0.4854580817869406
escalation,gyroscope bias,10.0,2,14.388943956399869,0.0,0.0,0.3688087354025353
escalation,gyroscope bias,10.0,3,34.71262913882255,0.0,0.0,0.3227424354550323
escalation,gyroscope bias,10.0,4,45.14024265589109,0.0,0.0,0.08565135865836183
escalation,gyroscope bias,10.0,5,18.96195373014944,0.0,0.0,0.23835189298895212
escalation,gyroscope bias,10.0,6,5.499570000152733,0.0,0.0,0.346332339834276
escalation,gyroscope bias,10.0,7,10.44493972366743,0.0,0.0,0.2123071945151531
escalation,gyroscope bias,30.0,0,7.8427814739856485,0.0,0.0,0.547325258495275
escalation,gyroscope bias,30.0,1,40.44062017136921,0.0,0.0,0.5740034056517405
escalation,gyroscope bias,30.0,2,17.647039180100982,0.0,0.0,0.42145759253845355
escalation,gyroscope bias,30.0,3,33.54241032971682,0.0,0.0,0.4180694376949807
escalation,gyroscope bias,30.0,4,43.68392459394473,0.0,0.0,0.1288850382300574
escalation,gyroscope bias,30.0,5,20.459464823904884,0.0,0.0,0.1744475813032034
escalation,gyroscope bias,30.0,6,6.739903095072776,0.0,0.0,0.38501452723946067
escalation,gyroscope bias,30.0,7,11.71455573029032,0.0,0.0,0.3355541412742057
escalation,gyroscope bias,100.0,0,4.734712169845671,0.0,0.0,0.613884413032422
escalation,gyroscope bias,100.0,1,49.90570566565258,0.0,0.0,0.571751852786994
escalation,gyroscope bias,100.0,2,29.737871347380086,0.0,0.0,0.3853880443198882
escalation,gyroscope bias,100.0,3,31.16722423790593,0.0,0.0,0.4597249002802768
escalation,gyroscope bias,100.0,4,39.30398791693298,0.0,0.0,0.2730623607158186
escalation,gyroscope bias,100.0,5,26.447792773333468,0.0,0.0,0.23911454736835422
escalation,gyroscope bias,100.0,6,11.827083123613361,0.0,0.0,0.40513998428807246
escalation,gyroscope bias,100.0,7,21.352489971145207,0.0,0.0,0.3906251666460803
escalation,accelerometer white noise,3.0,0,10.937866056505397,0.0,0.0,0.22971664440980738
escalation,accelerometer white noise,3.0,1,36.79245372428986,0.0,0.0,0.3497181906419975
escalation,accelerometer white noise,3.0,2,12.733484086981077,0.0,0.0,0.28817733687722247
escalation,accelerometer white noise,3.0,3,34.95778015865034,0.0,0.0,0.332501773685168
escalation,accelerometer white noise,3.0,4,45.877489111819926,0.0,0.0,0.09403662310061955
escalation,accelerometer white noise,3.0,5,18.95018577224343,0.0,0.0,0.3326567262425583
escalation,accelerometer white noise,3.0,6,4.669341115218536,0.0,0.0,0.3338907609017814
escalation,accelerometer white noise,3.0,7,10.1611828739279,0.0,0.0,0.2313670839260948
escalation,accelerometer white noise,10.0,0,12.609248973396946,0.0,0.0,0.303821085255585
escalation,accelerometer white noise,10.0,1,36.97623165837606,0.0,0.0,0.2970328149435407
escalation,accelerometer white noise,10.0,2,11.878084255030707,0.0,0.0,0.30113681953573734
escalation,accelerometer white noise,10.0,3,33.78469236152681,0.0,0.0,0.35484006395664963
escalation,accelerometer white noise,10.0,4,46.068645668845406,0.0,0.0,0.15250552084368246
escalation,accelerometer white noise,10.0,5,21.13639551016071,0.0,0.0,0.3326919004943569
escalation,accelerometer white noise,10.0,6,3.565358944222941,0.0,0.0,0.3613751508096822
escalation,accelerometer white noise,10.0,7,9.811495768056746,0.0,0.0,0.2324176574450421
escalation,accelerometer white noise,30.0,0,17.647873738951713,0.0,0.0,0.5337879770666132
escalation,accelerometer white noise,30.0,1,37.99270510847063,0.0,0.0,0.2584297994237777
escalation,accelerometer white noise,30.0,2,9.818789749025632,0.0,0.0,0.34962654532773896
escalation,accelerometer white noise,30.0,3,30.614814996520398,0.0,0.0,0.4354541077610878
escalation,accelerometer white noise,30.0,4,46.62329295109808,0.0,0.0,0.2442451572512783
escalation,accelerometer white noise,30.0,5,27.438333428776936,0.0,0.0,0.33942461126044976
escalation,accelerometer white noise,30.0,6,2.1324942511834655,0.0,0.0,0.40906193862776485
escalation,accelerometer white noise,30.0,7,10.339912853170249,0.0,0.0,0.2603889693543109
escalation,accelerometer white noise,100.0,0,35.26754730634966,0.0,0.0,0.7469009303409737
escalation,accelerometer white noise,100.0,1,46.06203766175277,0.0,0.0,0.40200652801511716
escalation,accelerometer white noise,100.0,2,11.828184494233334,0.0,0.0,0.589721197650875
escalation,accelerometer white noise,100.0,3,22.59622897053314,0.0,0.0,0.4566807159991002
escalation,accelerometer white noise,100.0,4,48.49245502160274,0.0,0.0,0.2894858642504934
escalation,accelerometer white noise,100.0,5,48.26632643774671,0.0,0.0,0.4082754239216323
escalation,accelerometer white noise,100.0,6,13.926986703351563,0.0,0.0,0.40346280726793315
escalation,accelerometer white noise,100.0,7,22.66769874775492,0.0,0.0,0.46752261380414345
escalation,gyroscope white noise,3.0,0,11.977090115986273,0.0,0.0,0.33318494554405137
escalation,gyroscope white noise,3.0,1,36.3222059543668,0.0,0.0,0.35837236425459185
escalation,gyroscope white noise,3.0,2,11.770597012406421,0.0,0.0,0.22074254248373668
escalation,gyroscope white noise,3.0,3,36.19834049930299,0.0,0.0,0.38194120192913034
escalation,gyroscope white noise,3.0,4,47.5389168014265,0.0,0.0,0.08113024624700635
escalation,gyroscope white noise,3.0,5,19.089877188622413,0.0,0.0,0.29142848401848664
escalation,gyroscope white noise,3.0,6,4.138052417866193,0.0,0.0,0.18069929820508135
escalation,gyroscope white noise,3.0,7,9.019574809679515,0.0,0.0,0.2484560598460156
escalation,gyroscope white noise,10.0,0,17.76492481969966,0.0,0.0,0.5754928112775328
escalation,gyroscope white noise,10.0,1,35.30543946492833,0.0,0.0,0.4093989950046373
escalation,gyroscope white noise,10.0,2,7.56257578650215,0.0,0.0,0.2140734062364967
escalation,gyroscope white noise,10.0,3,40.30091300170523,0.0,0.0,0.4389241913399836
escalation,gyroscope white noise,10.0,4,53.784188617416625,0.0,0.0,0.27596973836445016
escalation,gyroscope white noise,10.0,5,22.41339892690008,0.0,0.0,0.27471742465518295
escalation,gyroscope white noise,10.0,6,3.1238892267698652,0.0,0.0,0.1243509282151612
escalation,gyroscope white noise,10.0,7,4.625667632422049,0.0,0.0,0.4051606786133864
escalation,gyroscope white noise,30.0,0,35.72681352480292,0.0,0.0,0.7053728131550769
escalation,gyroscope white noise,30.0,1,36.59533726165767,0.0,0.0,0.49636718736265467
escalation,gyroscope white noise,30.0,2,5.037495484393683,0.0,0.0,0.3127122673395639
escalation,gyroscope white noise,30.0,3,57.806645982419674,0.0,0.0,0.5735195798226773
escalation,gyroscope white noise,30.0,4,73.70245037375736,0.0,0.0,0.29212026687588144
escalation,gyroscope white noise,30.0,5,35.00958424596237,0.0,0.0,0.30101621905745546
escalation,gyroscope white noise,30.0,6,11.07264663232009,0.0,0.0,0.33362334407006267
escalation,gyroscope white noise,30.0,7,9.23582796136242,0.0,0.0,0.5115922873088568
escalation,gyroscope white noise,100.0,0,98.25643871438137,0.0,0.0,1.2780939312605082
escalation,gyroscope white noise,100.0,1,68.628068398776,0.0,0.0,0.6187755098373791
escalation,gyroscope white noise,100.0,2,51.15660783471666,0.0,0.0,0.7007432958746573
escalation,gyroscope white noise,100.0,3,134.99804147335894,1.0,0.0,1.2434296747736517
escalation,gyroscope white noise,100.0,4,162.09021176420066,51.0,1.0,261.57528735251935
escalation,gyroscope white noise,100.0,5,87.57006284868777,0.0,0.0,0.5679507646381499
escalation,gyroscope white noise,100.0,6,37.12150865760398,1.0,0.0,1.0743249921015074
escalation,gyroscope white noise,100.0,7,54.567266620444485,0.0,0.0,0.6276463514427448
growth,baseline,5.0,0,2.4336054010619574,1.0,0.0,0.2085053272248929
growth,baseline,5.0,1,6.852688121099411,0.0,0.0,0.37825611665555675
growth,baseline,5.0,2,2.4936277470575474,1.0,0.0,0.2707548220312736
growth,baseline,5.0,3,5.969323329251489,0.0,0.0,0.39435853616916916
growth,baseline,5.0,4,9.22484911906099,1.0,0.0,0.6810453373967306
growth,baseline,15.0,0,9.518299224984448,1.0,0.0,0.20000762308040002
growth,baseline,15.0,1,37.57360875211483,0.0,0.0,0.4491086740360851
growth,baseline,15.0,2,12.520039146069976,1.0,0.0,0.34727442344409387
growth,baseline,15.0,3,35.791620925561766,0.0,0.0,0.28698011107930466
growth,baseline,15.0,4,45.02815950881078,1.0,0.0,0.1110248078730516
growth,baseline,45.0,0,64.6510700473859,0.0,0.0,0.5908318210778852
growth,baseline,45.0,1,281.429456149624,0.0,0.0,0.3156611088442605
growth,baseline,45.0,2,94.92807239230265,1.0,0.0,0.3485444841052846
growth,baseline,45.0,3,272.6518368741801,0.0,0.0,0.29378308627109345
growth,baseline,45.0,4,308.5859691355812,0.0,0.0,0.6798734214783375
growth,baseline,90.0,0,264.7757209255706,0.0,0.0,0.5381914849060973
growth,baseline,90.0,1,1094.0280646086762,0.0,0.0,0.5004358373955897
growth,baseline,90.0,2,400.96065850896457,0.0,0.0,0.19161477433235927
growth,baseline,90.0,3,1041.7727944411488,0.0,0.0,0.3518659459945713
growth,baseline,90.0,4,1103.7974548264372,0.0,0.0,0.9526715709075247
growth,no inertial errors,5.0,0,2.4221677714840086,1.0,0.0,0.22569661034869798
growth,no inertial errors,5.0,1,6.8054841114260824,1.0,0.0,0.39804143213595533
growth,no inertial errors,5.0,2,2.539613300617535,0.0,0.0,0.254881279285942
growth,no inertial errors,5.0,3,5.945909133124529,1.0,0.0,0.3614278024633483
growth,no inertial errors,5.0,4,9.229664706376866,1.0,0.0,0.6851175630425498
growth,no inertial errors,15.0,0,9.656823163311754,1.0,0.0,0.1847135622853546
growth,no inertial errors,15.0,1,36.88765109948277,1.0,0.0,0.3935985913058371
growth,no inertial errors,15.0,2,13.288738447249822,0.0,0.0,0.3417181273428124
growth,no inertial errors,15.0,3,35.264074926896896,0.0,0.0,0.30244228063568435
growth,no inertial errors,15.0,4,44.86703195083282,1.0,0.0,0.11855721046923062
growth,no inertial errors,45.0,0,67.8440292845748,0.0,0.0,0.5670694055663149
growth,no inertial errors,45.0,1,269.9117265122327,2.0,0.0,0.4535737374151641
growth,no inertial errors,45.0,2,99.00740339285554,0.0,0.0,0.19291741729063647
growth,no inertial errors,45.0,3,266.6340934838398,1.0,0.0,0.24860027426521494
growth,no inertial errors,45.0,4,309.4670090692789,1.0,0.0,0.5769978319230303
growth,no inertial errors,90.0,0,258.11527738026166,0.0,0.0,0.2809145008991582
growth,no inertial errors,90.0,1,1020.8830304246865,3.0,0.0,0.56586542634327
growth,no inertial errors,90.0,2,377.8106865771408,0.0,0.0,0.11997136500346776
growth,no inertial errors,90.0,3,1017.2707294951997,1.0,0.0,0.26121791904808545
growth,no inertial errors,90.0,4,1149.838823922751,0.0,0.0,0.6314668842012019
growth,accelerometer bias x100,5.0,0,3.39775806199992,0.0,0.0,0.2543144553163362
growth,accelerometer bias x100,5.0,1,7.631077366743221,0.0,0.0,0.9219977453481248
growth,accelerometer bias x100,5.0,2,4.34937090125364,0.0,0.0,0.31719304744621674
growth,accelerometer bias x100,5.0,3,6.979992768472778,0.0,0.0,0.38354070595289114
growth,accelerometer bias x100,5.0,4,10.122274523301341,0.0,0.0,0.5377889730996863
growth,accelerometer bias x100,15.0,0,21.785310324294116,0.0,0.0,0.4706707327859144
growth,accelerometer bias x100,15.0,1,39.33103175044336,0.0,0.0,0.39882448220270383
growth,accelerometer bias x100,15.0,2,32.01177157393888,0.0,0.0,0.3750806654574406
growth,accelerometer bias x100,15.0,3,42.551756214369306,0.0,0.0,0.24459630708183616
growth,accelerometer bias x100,15.0,4,52.853820430405484,0.0,0.0,0.2028018476189331
growth,accelerometer bias x100,45.0,0,150.00789899776677,0.0,0.0,0.5180658862260741
growth,accelerometer bias x100,45.0,1,288.77637579074764,0.0,0.0,0.2948612601990906
growth,accelerometer bias x100,45.0,2,216.5662177209255,0.0,0.0,0.5305870636614276
growth,accelerometer bias x100,45.0,3,359.08465425952426,0.0,0.0,0.2489696631546806
growth,accelerometer bias x100,45.0,4,369.20059510134314,0.0,0.0,0.6223599985347603
growth,accelerometer bias x100,90.0,0,540.0672701495334,0.0,0.0,0.7204110323949386
growth,accelerometer bias x100,90.0,1,1128.8251299566193,0.0,0.0,0.3762734815741686
growth,accelerometer bias x100,90.0,2,794.6742239731182,0.0,0.0,0.773031353315432
growth,accelerometer bias x100,90.0,3,1535.2171037682344,0.0,0.0,0.4449411091583486
growth,accelerometer bias x100,90.0,4,1353.305454453691,0.0,0.0,0.7623482510903429
growth,gyroscope bias x300,5.0,0,2.248285728494508,0.0,0.0,0.18661750495499915
growth,gyroscope bias x300,5.0,1,10.459823631435327,1.0,0.0,0.9118019760630325
growth,gyroscope bias x300,5.0,2,6.283341653226638,0.0,0.0,0.1258332684061975
growth,gyroscope bias x300,5.0,3,6.679373509537323,0.0,0.0,0.3915820319209798
growth,gyroscope bias x300,5.0,4,8.240460546986583,0.0,0.0,0.5613106036644068
growth,gyroscope bias x300,15.0,0,20.571604228125707,0.0,0.0,0.552910005858026
growth,gyroscope bias x300,15.0,1,81.08079813294952,3.0,0.0,0.8950894857755894
growth,gyroscope bias x300,15.0,2,64.2305031812841,0.0,0.0,0.7266313922592197
growth,gyroscope bias x300,15.0,3,41.25164082014635,0.0,0.0,0.46604145387619733
growth,gyroscope bias x300,15.0,4,33.25951915253268,0.0,0.0,0.3271326659294566
growth,gyroscope bias x300,45.0,0,465.3201773290538,3.0,0.0,1.05369553633037
growth,gyroscope bias x300,45.0,1,1259.3268677543808,351.0,1.0,1602.6426905231108
growth,gyroscope bias x300,45.0,2,1237.0144095067858,351.0,1.0,1585.1719668507328
growth,gyroscope bias x300,45.0,3,566.9928777654621,4.0,0.0,1.4512823997213262
growth,gyroscope bias x300,45.0,4,176.93521467874316,313.0,1.0,1.2854464841901214
growth,gyroscope bias x300,90.0,0,2891.3011077204833,125.0,1.0,250.45091818942322
growth,gyroscope bias x300,90.0,1,9255.187610616249,126.0,1.0,10533.10294702275
growth,gyroscope bias x300,90.0,2,10113.173760405407,126.0,1.0,11578.06072064812
growth,gyroscope bias x300,90.0,3,3963.5612573987473,125.0,1.0,379.5394002421984
growth,gyroscope bias x300,90.0,4,4707.842320937031,125.0,1.0,377.07784732906043
growth,accelerometer white noise x100,5.0,0,2.049113366558401,0.0,0.0,0.20831572537203646
growth,accelerometer white noise x100,5.0,1,9.142141063983226,0.0,0.0,0.9994646622567449
growth,accelerometer white noise x100,5.0,2,5.852056384208579,0.0,0.0,0.33033410243731487
growth,accelerometer white noise x100,5.0,3,5.696209361887173,2.0,0.0,0.4316680315309143
growth,accelerometer white noise x100,5.0,4,8.915901343958467,0.0,0.0,0.802568009139013
growth,accelerometer white noise x100,15.0,0,4.068709824074054,0.0,0.0,0.40588458701943003
growth,accelerometer white noise x100,15.0,1,41.2565194305927,0.0,0.0,0.7797130412082057
growth,accelerometer white noise x100,15.0,2,26.071789298489428,0.0,0.0,0.399206143668465
growth,accelerometer white noise x100,15.0,3,29.93482459315585,1.0,0.0,0.6482915528366061
growth,accelerometer white noise x100,15.0,4,38.97118832021337,0.0,0.0,0.5198910889861071
growth,accelerometer white noise x100,45.0,0,48.116909887824264,0.0,0.0,0.3483936903297743
growth,accelerometer white noise x100,45.0,1,284.2697756314291,0.0,0.0,0.15437967027151406
growth,accelerometer white noise x100,45.0,2,199.3163030490497,0.0,0.0,0.5972840406753648
growth,accelerometer white noise x100,45.0,3,211.24974648254803,1.0,0.0,0.3411083028637201
growth,accelerometer white noise x100,45.0,4,217.67166194427742,0.0,0.0,0.6961458042687281
growth,accelerometer white noise x100,90.0,0,198.63116951047996,0.0,0.0,0.7964663650270846
growth,accelerometer white noise x100,90.0,1,1103.973930222036,0.0,0.0,0.4333740725239549
growth,accelerometer white noise x100,90.0,2,746.773985253289,0.0,0.0,0.6804666070731714
growth,accelerometer white noise x100,90.0,3,839.3417291814151,0.0,0.0,0.5399201305930771
growth,accelerometer white noise x100,90.0,4,733.860860538696,0.0,0.0,0.8223371964697983
growth,gyroscope white noise x30,5.0,0,3.4658650214288875,0.0,0.0,0.20403949639239652
growth,gyroscope white noise x30,5.0,1,7.936522594961012,0.0,0.0,0.7506775999664265
growth,gyroscope white noise x30,5.0,2,3.160118590279569,0.0,0.0,0.39032835825294065
growth,gyroscope white noise x30,5.0,3,7.601819292951646,0.0,0.0,0.29658546055776697
growth,gyroscope white noise x30,5.0,4,9.890708914271649,0.0,0.0,0.48251516061513705
growth,gyroscope white noise x30,15.0,0,13.191949620739665,0.0,0.0,0.515430629448498
growth,gyroscope white noise x30,15.0,1,59.33816773420215,0.0,0.0,0.6447486094913462
growth,gyroscope white noise x30,15.0,2,26.681491061293432,0.0,0.0,0.4959031919048087
growth,gyroscope white noise x30,15.0,3,59.01647849067224,0.0,0.0,0.4220005752547655
growth,gyroscope white noise x30,15.0,4,54.94746464060156,0.0,0.0,0.359136567852696
growth,gyroscope white noise x30,45.0,0,84.51561927545391,0.0,0.0,0.638796862429765
growth,gyroscope white noise x30,45.0,1,556.4236855204822,3.0,0.0,0.7929305125638391
growth,gyroscope white noise x30,45.0,2,155.07383303445664,0.0,0.0,0.5508894215177398
growth,gyroscope white noise x30,45.0,3,524.1336871452899,0.0,0.0,0.4396093597417434
growth,gyroscope white noise x30,45.0,4,396.08355843833516,0.0,0.0,0.5360952493350701
growth,gyroscope white noise x30,90.0,0,881.1738752510983,0.0,0.0,2.1347178673857736
growth,gyroscope white noise x30,90.0,1,2525.961203459191,126.0,1.0,2786.2493867180974
growth,gyroscope white noise x30,90.0,2,171.173731175956,0.0,0.0,0.6547564641178829
growth,gyroscope white noise x30,90.0,3,2009.5395963635733,0.0,0.0,0.39259123082982195
growth,gyroscope white noise x30,90.0,4,658.2356940275603,0.0,0.0,0.7969357042404854
fault,accelerometer bias step,0.0,0,10.47691942031785,0.0,0.0,0.21303625787871414
fault,accelerometer bias step,0.0,1,36.75705859337501,0.0,0.0,0.37245842817314795
fault,accelerometer bias step,0.0,2,12.986398358399692,0.0,0.0,0.28598508357542807
fault,accelerometer bias step,0.0,3,35.29841759089827,0.0,0.0,0.327926231923414
fault,accelerometer bias step,0.0,4,45.82331827052759,0.0,0.0,0.07672582142810233
fault,accelerometer bias step,0.0,5,18.331060754883183,0.0,0.0,0.33319221135586113
fault,accelerometer bias step,0.05,0,7.196124823043121,0.0,0.0,0.3344677241608383
fault,accelerometer bias step,0.05,1,39.34472553861091,0.0,0.0,0.4365796588485452
fault,accelerometer bias step,0.05,2,12.976672751919946,0.0,0.0,0.41704589965441813
fault,accelerometer bias step,0.05,3,35.2163402437189,0.0,0.0,0.4018345775915402
fault,accelerometer bias step,0.05,4,46.9147080323242,0.0,0.0,0.10395824665489511
fault,accelerometer bias step,0.05,5,22.72499718662778,0.0,0.0,0.2025936978558867
fault,accelerometer bias step,0.2,0,14.969923910575046,0.0,0.0,0.7154938901338836
fault,accelerometer bias step,0.2,1,49.850424765491994,0.0,0.0,0.7440826700821666
fault,accelerometer bias step,0.2,2,22.667584650742246,0.0,0.0,0.8142839705542909
fault,accelerometer bias step,0.2,3,39.6117367036762,0.0,0.0,0.7543228945879948
fault,accelerometer bias step,0.2,4,53.39285724745771,0.0,0.0,0.5060279201206115
fault,accelerometer bias step,0.2,5,37.468813864535456,0.0,0.0,0.22032915015214366
fault,accelerometer bias step,1.0,0,99.57414780363295,51.0,1.0,161.31435023192094
fault,accelerometer bias step,1.0,1,127.49553336533059,51.0,1.0,204.2108589218144
fault,accelerometer bias step,1.0,2,105.48011288497884,51.0,1.0,170.5152770169923
fault,accelerometer bias step,1.0,3,109.9781348589735,51.0,1.0,174.5803539013762
fault,accelerometer bias step,1.0,4,122.8251200505504,51.0,1.0,196.68718295359002
fault,accelerometer bias step,1.0,5,122.1062622638584,51.0,1.0,194.19060293891687
