sequence,group,config,start_s,outage_s,seed,gnss_fixes_seen,gnss_rejected,rejected_fraction,lost,fdir_faulted,nees_mean,coverage_2sigma,ate_rmse_m,max_position_error_m
MH_01_easy,Machine Hall,default,15.0,20.0,0,810.0,0.0,0.0,False,False,6.3635710570703345,0.8848299936780187,3.1275695234632233,22.258023099874897
MH_01_easy,Machine Hall,preset,15.0,20.0,0,810.0,0.0,0.0,False,False,3.244106987558106,0.9888403287430252,7.798743392326087,61.68976017566796
MH_01_easy,Machine Hall,walk10,15.0,20.0,0,810.0,0.0,0.0,False,False,2.5416224458975334,0.9989005249993128,8.62370402206384,67.8684640476685
MH_01_easy,Machine Hall,default,15.0,20.0,1,810.0,735.0,0.9074074074074074,True,True,40.967657707077414,0.16041340260025838,1695.844831365536,3914.034222522933
MH_01_easy,Machine Hall,preset,15.0,20.0,1,810.0,0.0,0.0,False,False,3.3711153337604842,0.9703141749814463,4.789451517710331,35.0824539284704
MH_01_easy,Machine Hall,walk10,15.0,20.0,1,810.0,0.0,0.0,False,False,2.5677893599926036,0.9945026249965642,4.466528999994773,32.80882196433423
MH_01_easy,Machine Hall,default,35.0,20.0,0,810.0,634.0,0.782716049382716,True,True,28.436721134207104,0.14980346884362716,480.1727586927311,1351.366095284257
MH_01_easy,Machine Hall,preset,35.0,20.0,0,810.0,0.0,0.0,False,False,2.856810220714952,0.9901047249938154,2.0502040994504758,14.920508922199598
MH_01_easy,Machine Hall,walk10,35.0,20.0,0,810.0,0.0,0.0,False,False,2.4573381177028732,0.9985706824991066,2.0519050212113306,11.47015248504132
MH_01_easy,Machine Hall,default,35.0,20.0,1,810.0,634.0,0.782716049382716,True,True,21.817285472119313,0.13556526758472828,740.1044396114229,2067.8717021174352
MH_01_easy,Machine Hall,preset,35.0,20.0,1,810.0,0.0,0.0,False,False,3.0903631240829488,0.9769110249855694,2.902127067207809,19.869050754057685
MH_01_easy,Machine Hall,walk10,35.0,20.0,1,810.0,0.0,0.0,False,False,2.566281892020728,0.9989005249993128,5.3505659561958065,34.891843451652576
MH_01_easy,Machine Hall,default,60.0,20.0,0,810.0,511.0,0.6308641975308642,True,True,27.64737427705132,0.26560567329100354,745.0861965618598,2427.0387362638394
MH_01_easy,Machine Hall,preset,60.0,20.0,0,810.0,0.0,0.0,False,False,2.4209164819830433,0.9989005249993128,1.081585830018005,7.619806590739864
MH_01_easy,Machine Hall,walk10,60.0,20.0,0,810.0,0.0,0.0,False,False,2.21221723689072,0.9989005249993128,2.0124501372645636,11.785991503947054
MH_01_easy,Machine Hall,default,60.0,20.0,1,810.0,2.0,0.0024691358024691358,False,False,8.463475423162205,0.7555867073472416,3.4984268350900334,21.799641634627882
MH_01_easy,Machine Hall,preset,60.0,20.0,1,810.0,0.0,0.0,False,False,3.0632797033483494,0.9836178224897612,1.7175695952978562,11.036489046049612
MH_01_easy,Machine Hall,walk10,60.0,20.0,1,810.0,0.0,0.0,False,False,2.509857353168289,0.9967015749979384,2.1749286577781004,14.60152773694601
MH_01_easy,Machine Hall,default,90.0,20.0,0,810.0,361.0,0.445679012345679,True,True,16.927001792816785,0.38709766086693603,262.8235284624599,953.1276800592819
MH_01_easy,Machine Hall,preset,90.0,20.0,0,810.0,0.0,0.0,False,False,3.167649363984832,0.9890052499931283,2.668804708207788,13.46208123826007
MH_01_easy,Machine Hall,walk10,90.0,20.0,0,810.0,0.0,0.0,False,False,2.6447674011022553,0.9989005249993128,4.613641344481553,25.866471166996675
MH_01_easy,Machine Hall,default,90.0,20.0,1,810.0,361.0,0.445679012345679,True,True,24.265161577600715,0.35452571397157856,311.21314198691323,1114.8875094487157
MH_01_easy,Machine Hall,preset,90.0,20.0,1,810.0,0.0,0.0,False,False,3.2289701717898955,0.9759214974849509,2.6865254061001154,18.023855227554467
MH_01_easy,Machine Hall,walk10,90.0,20.0,1,810.0,0.0,0.0,False,False,2.49198598854785,0.9967015749979384,1.4167501501687598,8.72448998115628
MH_02_easy,Machine Hall,default,15.0,20.0,0,650.0,0.0,0.0,False,False,4.535821113556896,0.9473859695918911,1.5969139075555947,5.653322138088567
MH_02_easy,Machine Hall,preset,15.0,20.0,0,650.0,0.0,0.0,False,False,3.163864805181961,0.987996799146439,5.267645721769657,37.85447118262867
MH_02_easy,Machine Hall,walk10,15.0,20.0,0,650.0,0.0,0.0,False,False,2.493685464802993,0.994665244065084,6.522041393178931,46.3018829330117
MH_02_easy,Machine Hall,default,15.0,20.0,1,650.0,1.0,0.0015384615384615385,False,False,4.3848307660711825,0.9228794345158708,1.1681929290824065,7.067116398834558
MH_02_easy,Machine Hall,preset,15.0,20.0,1,650.0,0.0,0.0,False,False,2.8713696616264954,0.9906641771138971,3.368649022832445,22.293434779410422
MH_02_easy,Machine Hall,walk10,15.0,20.0,1,650.0,0.0,0.0,False,False,2.282612995399238,0.994665244065084,3.562432655657261,23.991732877393797
MH_02_easy,Machine Hall,default,35.0,20.0,0,650.0,152.0,0.23384615384615384,True,False,13.830669813345905,0.657608695652174,43.01976495026615,151.968079724846
MH_02_easy,Machine Hall,preset,35.0,20.0,0,650.0,0.0,0.0,False,False,3.27284715000826,0.9879301146972526,3.720678501955576,22.088494276029447
MH_02_easy,Machine Hall,walk10,35.0,20.0,0,650.0,0.0,0.0,False,False,2.5752500672709107,0.9963323552947453,4.59816909896708,26.51390811690653
MH_02_easy,Machine Hall,default,35.0,20.0,1,650.0,141.0,0.2169230769230769,True,False,13.740424159308258,0.6624433182181915,37.62204584233154,135.169027982516
MH_02_easy,Machine Hall,preset,35.0,20.0,1,650.0,0.0,0.0,False,False,2.9984660230591094,0.997332622032542,4.862468057759311,28.734783973618317
MH_02_easy,Machine Hall,walk10,35.0,20.0,1,650.0,0.0,0.0,False,False,2.4388015902984526,1.0,7.476397974228417,44.30733122176802
MH_02_easy,Machine Hall,default,60.0,20.0,0,650.0,1.0,0.0015384615384615385,False,False,5.3785994988702015,0.9265137369965324,2.7024296302990156,14.99637488062708
MH_02_easy,Machine Hall,preset,60.0,20.0,0,650.0,0.0,0.0,False,False,2.403674087573567,0.9949986663110163,1.6420843184854577,10.277282161526102
MH_02_easy,Machine Hall,walk10,60.0,20.0,0,650.0,0.0,0.0,False,False,2.119332952889695,0.998666311016271,2.5579909640783653,14.721791608933774
MH_02_easy,Machine Hall,default,60.0,20.0,1,650.0,1.0,0.0015384615384615385,False,False,6.3145884558981225,0.8270538810349427,2.9816939328672856,15.888570037204722
MH_02_easy,Machine Hall,preset,60.0,20.0,1,650.0,0.0,0.0,False,False,2.7206319223891686,1.0,1.523149552839587,8.11291977225358
MH_02_easy,Machine Hall,walk10,60.0,20.0,1,650.0,0.0,0.0,False,False,2.353783894140088,0.995998933048813,3.294082555099948,18.52441748274991
MH_02_easy,Machine Hall,default,90.0,20.0,0,650.0,1.0,0.0015384615384615385,False,False,5.014802763331712,0.9151106961856496,1.7335252289994187,10.965628601287301
MH_02_easy,Machine Hall,preset,90.0,20.0,0,650.0,0.0,0.0,False,False,3.3909287424311856,0.9875300080021339,3.744242276703074,22.297602975048346
MH_02_easy,Machine Hall,walk10,90.0,20.0,0,650.0,0.0,0.0,False,False,2.768847465303992,0.9967658042144572,6.0760341865011025,36.48319294602146
MH_02_easy,Machine Hall,default,90.0,20.0,1,650.0,1.0,0.0015384615384615385,False,False,5.257989327004782,0.8881034942651373,1.83692283377251,11.952639254774914
MH_02_easy,Machine Hall,preset,90.0,20.0,1,650.0,0.0,0.0,False,False,2.707982729435444,0.998666311016271,1.8118803636654746,11.566022776568547
MH_02_easy,Machine Hall,walk10,90.0,20.0,1,650.0,0.0,0.0,False,False,2.263200373377855,0.995998933048813,3.178596776039197,20.38953902833622
MH_03_medium,Machine Hall,default,15.0,20.0,0,558.0,0.0,0.0,False,False,4.671338632572591,0.9319823587559881,3.749790586645887,20.427402403352154
MH_03_medium,Machine Hall,preset,15.0,20.0,0,558.0,0.0,0.0,False,False,4.039815843034283,0.9909132385369934,9.733467104533347,54.9612925176484
MH_03_medium,Machine Hall,walk10,15.0,20.0,0,558.0,0.0,0.0,False,False,3.0500334882238866,0.9939168124097026,10.114840650598108,58.18732798051625
MH_03_medium,Machine Hall,default,15.0,20.0,1,558.0,125.0,0.22401433691756273,True,False,7.638550619005757,0.7082731351228043,24.626967513266568,90.89191360296914
MH_03_medium,Machine Hall,preset,15.0,20.0,1,558.0,0.0,0.0,False,False,2.772799560201977,0.9931183940384761,5.153958083283928,29.533070835010538
MH_03_medium,Machine Hall,walk10,15.0,20.0,1,558.0,0.0,0.0,False,False,2.3853480756588734,0.9939168124097026,4.985704878185306,28.359888251285636
MH_03_medium,Machine Hall,default,35.0,20.0,0,558.0,1.0,0.0017921146953405018,False,False,3.735891887675217,0.986616987301346,1.6005375375150392,8.214969065424594
MH_03_medium,Machine Hall,preset,35.0,20.0,0,558.0,0.0,0.0,False,False,3.021879685874601,0.9897346209413733,1.7469904187913863,7.471955489723439
MH_03_medium,Machine Hall,walk10,35.0,20.0,0,558.0,0.0,0.0,False,False,2.73861388520862,0.9940308721770208,2.988513281873784,15.32641871826656
MH_03_medium,Machine Hall,default,35.0,20.0,1,558.0,0.0,0.0,False,False,4.388915558824959,0.9665804881758041,1.5343663660200775,8.282042748665129
MH_03_medium,Machine Hall,preset,35.0,20.0,1,558.0,0.0,0.0,False,False,2.8107576206678386,0.9982130636453501,4.168807786345459,24.368935448374923
MH_03_medium,Machine Hall,walk10,35.0,20.0,1,558.0,0.0,0.0,False,False,2.3231351094959147,1.0,5.116031684388193,29.230537600440645
MH_03_medium,Machine Hall,default,60.0,20.0,0,558.0,1.0,0.0017921146953405018,False,False,4.0412391000596,0.9969964261272907,2.3551303910944665,12.329660817110856
MH_03_medium,Machine Hall,preset,60.0,20.0,0,558.0,0.0,0.0,False,False,2.6166263891045163,0.9984411831799863,2.7393917418380376,15.811690108029584
MH_03_medium,Machine Hall,walk10,60.0,20.0,0,558.0,0.0,0.0,False,False,2.3392165122910904,0.9984411831799863,5.072921409897377,29.68559633241177
MH_03_medium,Machine Hall,default,60.0,20.0,1,558.0,0.0,0.0,False,False,5.805553585145949,0.8998935442171698,3.2947450033263572,16.556215996508012
MH_03_medium,Machine Hall,preset,60.0,20.0,1,558.0,0.0,0.0,False,False,3.3781574541210126,1.0,5.801398886944489,32.47441443468043
MH_03_medium,Machine Hall,walk10,60.0,20.0,1,558.0,0.0,0.0,False,False,2.685664904504665,0.9969964261272907,7.581161540793139,43.11920125888925
MH_03_medium,Machine Hall,default,90.0,20.0,0,558.0,1.0,0.0017921146953405018,False,False,4.916365217917093,0.9840316325754696,2.669491937053226,13.799570634893112
MH_03_medium,Machine Hall,preset,90.0,20.0,0,558.0,0.0,0.0,False,False,3.44410907531973,0.9881758041213596,2.3933492874190003,10.136682011412722
MH_03_medium,Machine Hall,walk10,90.0,20.0,0,558.0,0.0,0.0,False,False,2.8928939121453294,0.993422553417991,2.760809197619324,9.614392497178908
MH_03_medium,Machine Hall,default,90.0,20.0,1,558.0,0.0,0.0,False,False,4.740921275540061,0.9621321572503992,2.3450625382217267,12.830893828196196
MH_03_medium,Machine Hall,preset,90.0,20.0,1,558.0,0.0,0.0,False,False,2.800651915639525,0.9978328644209565,2.8036444985470776,14.914791852960077
MH_03_medium,Machine Hall,walk10,90.0,20.0,1,558.0,0.0,0.0,False,False,2.3510001510610636,0.9969964261272907,3.272783030457854,16.406723870803585
MH_04_difficult,Machine Hall,default,15.0,20.0,0,394.0,309.0,0.7842639593908629,True,False,21.565203444486844,0.19566648104085455,159.47344534419827,366.4062249304178
MH_04_difficult,Machine Hall,preset,15.0,20.0,0,394.0,0.0,0.0,False,False,6.729819242616058,0.8423530602946387,19.596118753390787,99.5704367195399
MH_04_difficult,Machine Hall,walk10,15.0,20.0,0,394.0,0.0,0.0,False,False,3.529009916292375,0.991899964562345,18.427992626181968,93.52655695629933
MH_04_difficult,Machine Hall,default,15.0,20.0,1,394.0,1.0,0.0025380710659898475,False,False,5.251906318905922,0.9559054320862653,3.847774545533523,18.32961650262742
MH_04_difficult,Machine Hall,preset,15.0,20.0,1,394.0,0.0,0.0,False,False,3.619782410448536,0.9924062167771984,10.228543032330213,52.073025938195336
MH_04_difficult,Machine Hall,walk10,15.0,20.0,1,394.0,0.0,0.0,False,False,2.8667139606477,0.991899964562345,9.796287517858358,49.85700682850523
MH_04_difficult,Machine Hall,default,35.0,20.0,0,394.0,1.0,0.0025380710659898475,False,False,6.713878361607044,0.8484787120943654,1.1713103139250063,4.427695140539303
MH_04_difficult,Machine Hall,preset,35.0,20.0,0,394.0,0.0,0.0,False,False,6.83788184082891,0.8721206905280211,13.56176401666817,72.80105756733695
MH_04_difficult,Machine Hall,walk10,35.0,20.0,0,394.0,0.0,0.0,False,False,2.8745362634467755,0.991899964562345,14.064382633270723,73.43001376519761
MH_04_difficult,Machine Hall,default,35.0,20.0,1,394.0,0.0,0.0,False,False,5.11391489104821,0.9689161140079988,1.8876592226911777,5.997433971777089
MH_04_difficult,Machine Hall,preset,35.0,20.0,1,394.0,0.0,0.0,False,False,4.040897648099355,1.0,9.446701356447146,46.308818711339036
MH_04_difficult,Machine Hall,walk10,35.0,20.0,1,394.0,0.0,0.0,False,False,2.6530289195456125,1.0,8.491715110571441,40.0197624068002
MH_04_difficult,Machine Hall,default,60.0,20.0,0,394.0,95.0,0.24111675126903553,True,True,11.601454275684036,0.5899863311901989,28.584081088821964,107.49041275525119
MH_04_difficult,Machine Hall,preset,60.0,20.0,0,394.0,94.0,0.23857868020304568,True,True,14.237647634503679,0.5926694679289222,100.04699022896419,372.1522388451075
MH_04_difficult,Machine Hall,walk10,60.0,20.0,0,394.0,0.0,0.0,False,False,2.246689191371834,0.9979243659191009,8.65679291680726,44.26096966994167
MH_04_difficult,Machine Hall,default,60.0,20.0,1,394.0,96.0,0.2436548223350254,True,True,10.978315150454284,0.632967144231256,29.109371046229683,109.2722951631776
MH_04_difficult,Machine Hall,preset,60.0,20.0,1,394.0,0.0,0.0,False,False,3.9677043138947985,1.0,7.740660519145344,39.367159125392206
MH_04_difficult,Machine Hall,walk10,60.0,20.0,1,394.0,0.0,0.0,False,False,2.806682711572972,0.993975598643244,9.55908023928993,48.13107652058628
MH_05_difficult,Machine Hall,default,15.0,20.0,0,456.0,188.0,0.41228070175438597,True,False,11.736295202323783,0.5142265442103368,53.25687648903513,159.68638035004346
MH_05_difficult,Machine Hall,preset,15.0,20.0,0,456.0,324.0,0.7105263157894737,True,True,43.953788226005244,0.3664685755447506,702.4585972023377,2039.573573848654
MH_05_difficult,Machine Hall,walk10,15.0,20.0,0,456.0,0.0,0.0,False,False,3.503786670431988,0.981856654060868,16.10338954330123,85.16298126489147
MH_05_difficult,Machine Hall,default,15.0,20.0,1,456.0,1.0,0.0021929824561403508,False,False,5.056005724142405,0.974788402665226,3.0105337360540307,14.638237106819712
MH_05_difficult,Machine Hall,preset,15.0,20.0,1,456.0,0.0,0.0,False,False,3.2548871989520647,0.9891950297136682,6.92604797807415,38.36585531459089
MH_05_difficult,Machine Hall,walk10,15.0,20.0,1,456.0,0.0,0.0,False,False,2.6621122195572378,0.9927966864757789,6.863490892686311,38.0661821908972
MH_05_difficult,Machine Hall,default,35.0,20.0,0,456.0,1.0,0.0021929824561403508,False,False,4.947563146712173,0.9680352962362687,3.3298236806432775,17.061633179171725
MH_05_difficult,Machine Hall,preset,35.0,20.0,0,456.0,0.0,0.0,False,False,3.161789492250944,0.9921663965424095,4.601585296600496,24.56563803208787
MH_05_difficult,Machine Hall,walk10,35.0,20.0,0,456.0,0.0,0.0,False,False,2.6468384928759314,0.9948676391139925,5.2395338457314375,25.517303864933815
MH_05_difficult,Machine Hall,default,35.0,20.0,1,456.0,96.0,0.21052631578947367,True,False,8.059821046469686,0.710291734197731,21.391024379422486,75.0922321592905
MH_05_difficult,Machine Hall,preset,35.0,20.0,1,456.0,0.0,0.0,False,False,4.851013728033421,0.8712407707545471,11.66460240452152,61.67665741870534
MH_05_difficult,Machine Hall,walk10,35.0,20.0,1,456.0,0.0,0.0,False,False,2.941188659960501,1.0,10.763074687882055,54.01863886047246
MH_05_difficult,Machine Hall,default,60.0,20.0,0,456.0,1.0,0.0021929824561403508,False,False,4.378414213392571,0.9895551953898793,2.812895267032885,14.392185704612247
MH_05_difficult,Machine Hall,preset,60.0,20.0,0,456.0,0.0,0.0,False,False,2.621789715134544,0.9981991716189447,3.5028922267987954,18.732618580203557
MH_05_difficult,Machine Hall,walk10,60.0,20.0,0,456.0,0.0,0.0,False,False,2.1197451210529588,0.9981991716189447,4.083246971241155,23.068212444088832
MH_05_difficult,Machine Hall,default,60.0,20.0,1,456.0,108.0,0.23684210526315788,True,False,9.328384480886344,0.6380334954078877,24.1909768334007,87.55027830658422
MH_05_difficult,Machine Hall,preset,60.0,20.0,1,456.0,0.0,0.0,False,False,3.392843364573604,0.9939222042139384,3.337168850280028,17.068065730214066
MH_05_difficult,Machine Hall,walk10,60.0,20.0,1,456.0,0.0,0.0,False,False,2.777109713841408,0.9945975148568341,4.991061953296083,25.89377290958634
V1_01_easy,Vicon room,default,15.0,20.0,0,618.0,546.0,0.883495145631068,True,True,146.9261120519033,0.07749373084424631,675.6820816880482,1436.0258167876639
V1_01_easy,Vicon room,preset,15.0,20.0,0,618.0,501.0,0.8106796116504854,True,False,19.3192992592487,0.14161326274728336,2836.021322868413,6695.104889915906
V1_01_easy,Vicon room,walk10,15.0,20.0,0,618.0,2.0,0.003236245954692557,False,False,6.073307468075965,0.9128587350236835,21.987554356211806,128.80186701194293
V1_01_easy,Vicon room,default,15.0,20.0,1,618.0,543.0,0.8786407766990292,True,True,127.12948030575276,0.08358874338255781,649.1389297371685,1429.7894092339968
V1_01_easy,Vicon room,preset,15.0,20.0,1,618.0,1.0,0.0016181229773462784,False,False,3.896256900914506,0.9789983282251323,11.826957120691915,75.23320733805609
V1_01_easy,Vicon room,walk10,15.0,20.0,1,618.0,0.0,0.0,False,False,2.743447977140253,0.9930342713847868,9.487853583740586,58.461233902700954
V1_01_easy,Vicon room,default,35.0,20.0,0,618.0,546.0,0.883495145631068,True,True,146.9261120519033,0.07749373084424631,675.6820816880482,1436.0258167876639
V1_01_easy,Vicon room,preset,35.0,20.0,0,618.0,1.0,0.0016181229773462784,False,False,4.177874108102759,0.981505990526609,7.288321124899126,42.973899551352574
V1_01_easy,Vicon room,walk10,35.0,20.0,0,618.0,0.0,0.0,False,False,2.6751160153793334,0.9916411256617442,7.69673647457443,47.34269851255172
V1_01_easy,Vicon room,default,35.0,20.0,1,618.0,537.0,0.8689320388349514,True,True,125.75939020087728,0.08358874338255781,613.3245998444806,1408.6509202662644
V1_01_easy,Vicon room,preset,35.0,20.0,1,618.0,182.0,0.29449838187702265,True,False,16.575174958030104,0.5618904987461688,34.60118700268073,132.07576958951307
V1_01_easy,Vicon room,walk10,35.0,20.0,1,618.0,3.0,0.0048543689320388345,False,False,4.609142715730419,0.9649623850654778,7.749084880190001,40.94045673415681
V1_01_easy,Vicon room,default,60.0,20.0,0,618.0,546.0,0.883495145631068,True,True,146.9261120519033,0.07749373084424631,675.6820816880482,1436.0258167876639
V1_01_easy,Vicon room,preset,60.0,20.0,0,618.0,1.0,0.0016181229773462784,False,False,2.949367496106517,0.9898648648648649,1.397221458312976,7.342862105969623
V1_01_easy,Vicon room,walk10,60.0,20.0,0,618.0,0.0,0.0,False,False,2.300348781546033,0.9986068542769574,3.234687435040498,17.560485505710876
V1_01_easy,Vicon room,default,60.0,20.0,1,618.0,537.0,0.8689320388349514,True,True,125.75939020087728,0.08358874338255781,613.3245998444806,1408.6509202662644
V1_01_easy,Vicon room,preset,60.0,20.0,1,618.0,19.0,0.030744336569579287,False,False,12.245932134919205,0.6944831429367512,1.755877147723902,4.871051383952519
V1_01_easy,Vicon room,walk10,60.0,20.0,1,618.0,0.0,0.0,False,False,2.799558481555546,0.9986068542769574,4.7335915708745775,25.91826588950979
V1_01_easy,Vicon room,default,90.0,20.0,0,618.0,546.0,0.883495145631068,True,True,146.9261120519033,0.07749373084424631,675.6820816880482,1436.0258167876639
V1_01_easy,Vicon room,preset,90.0,20.0,0,618.0,1.0,0.0016181229773462784,False,False,3.4325920685002904,0.983038450821956,1.9140133326240927,11.669682509047263
V1_01_easy,Vicon room,walk10,90.0,20.0,0,618.0,0.0,0.0,False,False,2.626425027438119,0.9934522151016997,3.8407598151627527,23.472720127889104
V1_01_easy,Vicon room,default,90.0,20.0,1,618.0,537.0,0.8689320388349514,True,True,125.75939020087728,0.08358874338255781,613.3245998444806,1408.6509202662644
V1_01_easy,Vicon room,preset,90.0,20.0,1,618.0,2.0,0.003236245954692557,False,False,6.587159040187811,0.8388826971301198,2.7267070678449037,17.754506429375162
V1_01_easy,Vicon room,walk10,90.0,20.0,1,618.0,0.0,0.0,False,False,2.8815702517487654,0.9986068542769574,12.144331611329592,73.58100454626042
V1_02_medium,Vicon room,default,15.0,20.0,0,318.0,0.0,0.0,False,False,3.4985430197135696,0.9952098676725945,2.1513184979131266,8.843531553119279
V1_02_medium,Vicon room,preset,15.0,20.0,0,318.0,0.0,0.0,False,False,3.234707555681599,0.9976049338362972,3.754923793933699,17.34211361181207
V1_02_medium,Vicon room,walk10,15.0,20.0,0,318.0,0.0,0.0,False,False,2.3766076544976875,0.9952098676725945,1.977048837540404,9.887832376684933
V1_02_medium,Vicon room,default,15.0,20.0,1,318.0,0.0,0.0,False,False,4.034480730218715,0.9808394706903778,2.0941615793003656,8.585025808080617
V1_02_medium,Vicon room,preset,15.0,20.0,1,318.0,0.0,0.0,False,False,3.291466618611452,0.9832345368540806,8.943993065939727,41.74242976186307
V1_02_medium,Vicon room,walk10,15.0,20.0,1,318.0,0.0,0.0,False,False,2.5694141085387137,0.9880246691814861,9.753998438732317,45.56726729708459
V1_02_medium,Vicon room,default,35.0,20.0,0,318.0,1.0,0.0031446540880503146,False,False,2.7111613093585785,0.9952098676725945,0.9630243562245525,3.8954747619365087
V1_02_medium,Vicon room,preset,35.0,20.0,0,318.0,0.0,0.0,False,False,3.282249154750081,0.9976049338362972,3.854688941048581,15.45242029066324
V1_02_medium,Vicon room,walk10,35.0,20.0,0,318.0,0.0,0.0,False,False,2.513192481595164,0.9952098676725945,4.105260395174443,16.863675337227072
V1_02_medium,Vicon room,default,35.0,20.0,1,318.0,0.0,0.0,False,False,3.3407045320863196,0.9917370217352255,1.607958418060431,6.5870406693350905
V1_02_medium,Vicon room,preset,35.0,20.0,1,318.0,0.0,0.0,False,False,3.704510214239166,1.0,5.487061177713118,21.49902949262928
V1_02_medium,Vicon room,walk10,35.0,20.0,1,318.0,0.0,0.0,False,False,2.582380566471576,1.0,5.970728000788535,23.671439155805395
V1_03_difficult,Vicon room,default,15.0,20.0,0,424.0,349.0,0.8231132075471698,True,True,77.50923773756483,0.13777947639977067,364.41729502953046,901.6850875481313
V1_03_difficult,Vicon room,preset,15.0,20.0,0,424.0,0.0,0.0,False,False,4.4632542024700825,0.9809860500668832,9.133522142491744,44.23900227361403
V1_03_difficult,Vicon room,walk10,15.0,20.0,0,424.0,0.0,0.0,False,False,2.8166257540616018,0.990445251289891,8.28202917494691,40.72876112095079
V1_03_difficult,Vicon room,default,15.0,20.0,1,424.0,349.0,0.8231132075471698,True,True,60.814196516633444,0.1560768201796293,324.5547606951637,808.80090786795
V1_03_difficult,Vicon room,preset,15.0,20.0,1,424.0,0.0,0.0,False,False,3.4149771707093275,0.9949837569271928,7.130950551246039,35.515617311852814
V1_03_difficult,Vicon room,walk10,15.0,20.0,1,424.0,0.0,0.0,False,False,2.642149967343452,0.9923562010319129,7.205683917696186,35.8493440114088
V1_03_difficult,Vicon room,default,35.0,20.0,0,424.0,253.0,0.5966981132075472,True,True,32.96652961683765,0.23246703611695013,94.6267933600961,241.5060142162479
V1_03_difficult,Vicon room,preset,35.0,20.0,0,424.0,1.0,0.0023584905660377358,False,False,3.855210129608524,0.9713835276132238,5.541825257927257,26.336915852821924
V1_03_difficult,Vicon room,walk10,35.0,20.0,0,424.0,0.0,0.0,False,False,3.1066508910873423,0.9896808713930824,9.512625484204618,46.461881249648705
V1_03_difficult,Vicon room,default,35.0,20.0,1,424.0,249.0,0.5872641509433962,True,True,31.165428894009537,0.2766577489012039,96.04904068130627,246.8957419458518
V1_03_difficult,Vicon room,preset,35.0,20.0,1,424.0,0.0,0.0,False,False,3.1934422819887156,0.9961303267724059,4.014076736431147,19.080053857496676
V1_03_difficult,Vicon room,walk10,35.0,20.0,1,424.0,0.0,0.0,False,False,2.5153900344993825,1.0,4.42552932604873,21.266376292456133
V1_03_difficult,Vicon room,default,60.0,20.0,0,424.0,128.0,0.3018867924528302,True,True,15.2816099609018,0.47874068412000764,29.250719953670657,90.7912773285996
V1_03_difficult,Vicon room,preset,60.0,20.0,0,424.0,1.0,0.0023584905660377358,False,False,3.4267142192928377,0.9942671507739347,5.909304444625129,28.61684114918727
V1_03_difficult,Vicon room,walk10,60.0,20.0,0,424.0,0.0,0.0,False,False,2.17033391362248,0.9980890502579782,5.161292079634666,25.122405897010683
V1_03_difficult,Vicon room,default,60.0,20.0,1,424.0,125.0,0.294811320754717,True,True,13.361036274222359,0.5413720619147716,27.632244783230878,85.15273985747876
V1_03_difficult,Vicon room,preset,60.0,20.0,1,424.0,0.0,0.0,False,False,3.989378710284747,1.0,6.02501393025188,28.99046597766677
V1_03_difficult,Vicon room,walk10,60.0,20.0,1,424.0,0.0,0.0,False,False,2.994549831370026,0.9962258742595069,7.101906902568167,33.885364911149104
V2_01_easy,Vicon room,default,15.0,20.0,0,461.0,0.0,0.0,False,False,6.553234245243687,0.8716128744252488,2.2347620538016035,8.661259203013564
V2_01_easy,Vicon room,preset,15.0,20.0,0,461.0,0.0,0.0,False,False,3.44294170323633,0.9858488460336592,7.239497944326459,35.13759353518719
V2_01_easy,Vicon room,walk10,15.0,20.0,0,461.0,0.0,0.0,False,False,2.692977372200338,0.992902102584706,8.17093118180267,40.35316785967853
V2_01_easy,Vicon room,default,15.0,20.0,1,461.0,1.0,0.0021691973969631237,False,False,5.679189859740006,0.8965671175393956,1.0714890421960876,4.669787878489009
V2_01_easy,Vicon room,preset,15.0,20.0,1,461.0,0.0,0.0,False,False,3.5892334206781586,0.9812954778804518,7.465437007738539,36.63865305457139
V2_01_easy,Vicon room,walk10,15.0,20.0,1,461.0,0.0,0.0,False,False,2.627610143775165,0.9928574617204589,6.906618772659108,34.36076178615784
V2_01_easy,Vicon room,default,35.0,20.0,0,461.0,1.0,0.0021691973969631237,False,False,6.168472882010837,0.893665461363332,2.0659726661747255,9.3810181386781
V2_01_easy,Vicon room,preset,35.0,20.0,0,461.0,0.0,0.0,False,False,3.370340108527339,0.9870095085040846,4.105613321307088,21.390390892354468
V2_01_easy,Vicon room,walk10,35.0,20.0,0,461.0,0.0,0.0,False,False,2.5443206976104125,0.9939288424623901,2.6625431147348038,12.367708080748313
V2_01_easy,Vicon room,default,35.0,20.0,1,461.0,1.0,0.0021691973969631237,False,False,5.750473050554829,0.9040221418686666,1.963462271271322,9.669861181183135
V2_01_easy,Vicon room,preset,35.0,20.0,1,461.0,0.0,0.0,False,False,3.361780582712099,0.9997767956787643,4.947829017735093,24.86432810077623
V2_01_easy,Vicon room,walk10,35.0,20.0,1,461.0,0.0,0.0,False,False,2.6217974212935427,1.0,7.046725768339264,36.37580397079865
V2_01_easy,Vicon room,default,60.0,20.0,0,461.0,162.0,0.351409978308026,True,True,20.442969451998042,0.5839025043524843,59.32776795928563,205.33222090641084
V2_01_easy,Vicon room,preset,60.0,20.0,0,461.0,0.0,0.0,False,False,2.9976662580318343,0.9982143654301148,4.710225067398057,25.34550443478733
V2_01_easy,Vicon room,walk10,60.0,20.0,0,461.0,0.0,0.0,False,False,2.2045598937454067,0.9982143654301148,6.086689374472258,32.1977242806918
V2_01_easy,Vicon room,default,60.0,20.0,1,461.0,161.0,0.3492407809110629,True,True,23.74171054882492,0.5551984286415785,62.74886400876563,214.3801765804835
V2_01_easy,Vicon room,preset,60.0,20.0,1,461.0,0.0,0.0,False,False,3.486681892565335,0.9995982322217758,5.50906436708272,30.049562111895682
V2_01_easy,Vicon room,walk10,60.0,20.0,1,461.0,0.0,0.0,False,False,2.8183380109250455,0.9981250837016205,7.798909732890584,40.44329370843903
V2_02_medium,Vicon room,default,15.0,20.0,0,478.0,0.0,0.0,False,False,8.585124611720515,0.7443592741760859,3.9732607045504325,19.19826273773554
V2_02_medium,Vicon room,preset,15.0,20.0,0,478.0,0.0,0.0,False,False,3.6723799377558977,0.988133904984626,5.9548808216874765,29.06823013472778
V2_02_medium,Vicon room,walk10,15.0,20.0,0,478.0,0.0,0.0,False,False,2.818685463213436,0.9919449136027023,6.399339750422211,31.21585354509935
V2_02_medium,Vicon room,default,15.0,20.0,1,478.0,403.0,0.8430962343096234,True,True,34.12139060120964,0.1988653587978,342.6626443811105,962.1485642609463
V2_02_medium,Vicon room,preset,15.0,20.0,1,478.0,0.0,0.0,False,False,3.6140485788463383,0.9827205404703131,8.771511834746018,45.18472707083752
V2_02_medium,Vicon room,walk10,15.0,20.0,1,478.0,0.0,0.0,False,False,2.8487127837966426,0.9930708934216794,8.598462583093138,44.30894747031973
V2_02_medium,Vicon room,default,35.0,20.0,0,478.0,303.0,0.6338912133891214,True,True,38.060954226105444,0.360140314408211,234.4113090492252,714.0128786563477
V2_02_medium,Vicon room,preset,35.0,20.0,0,478.0,0.0,0.0,False,False,3.0832640185142237,0.987874063487939,4.047083039702191,20.23165186360586
V2_02_medium,Vicon room,walk10,35.0,20.0,0,478.0,0.0,0.0,False,False,2.659231638800529,0.9928976657572214,5.74362996642362,28.361455089202128
V2_02_medium,Vicon room,default,35.0,20.0,1,478.0,303.0,0.6338912133891214,True,True,45.28335032514932,0.32584123684552424,249.81083401807032,752.4398930455354
V2_02_medium,Vicon room,preset,35.0,20.0,1,478.0,0.0,0.0,False,False,2.969643228623016,0.987874063487939,5.360634873130778,28.974570243205168
V2_02_medium,Vicon room,walk10,35.0,20.0,1,478.0,0.0,0.0,False,False,2.782413342641602,1.0,10.20393829942365,53.11820152551949
V2_02_medium,Vicon room,default,60.0,20.0,0,478.0,178.0,0.3723849372384937,True,True,23.620318411079484,0.45762418258195836,64.63409883907303,218.9322185104543
V2_02_medium,Vicon room,preset,60.0,20.0,0,478.0,0.0,0.0,False,False,2.539564779846915,0.9982677233554199,2.146577690566575,10.934287404167783
V2_02_medium,Vicon room,walk10,60.0,20.0,0,478.0,0.0,0.0,False,False,2.1623263294441677,0.9982677233554199,3.212195375287196,16.239174757781182
V2_02_medium,Vicon room,default,60.0,20.0,1,478.0,179.0,0.37447698744769875,True,True,19.16324131138428,0.46801784244943917,59.60846469683253,203.3882440255131
V2_02_medium,Vicon room,preset,60.0,20.0,1,478.0,0.0,0.0,False,False,2.540217316035289,1.0,1.7295007299506133,8.82568338885557
V2_02_medium,Vicon room,walk10,60.0,20.0,1,478.0,0.0,0.0,False,False,2.4546451064796866,1.0,3.1192266306478706,16.46242361654015
V2_03_difficult,Vicon room,default,15.0,20.0,0,475.0,400.0,0.8421052631578947,True,True,38.43099035797124,0.1521114497170222,311.6438095927378,781.4628905435172
V2_03_difficult,Vicon room,preset,15.0,20.0,0,475.0,0.0,0.0,False,False,4.404565303724659,0.9864606007836308,4.570441307309935,24.13735964720148
V2_03_difficult,Vicon room,walk10,15.0,20.0,0,475.0,0.0,0.0,False,False,2.778225941187871,0.9925555071832826,3.8331226437164414,22.55874119494307
V2_03_difficult,Vicon room,default,15.0,20.0,1,475.0,400.0,0.8421052631578947,True,True,23.895521855657552,0.1821941663038746,253.86751567389922,646.2375504376522
V2_03_difficult,Vicon room,preset,15.0,20.0,1,475.0,0.0,0.0,False,False,3.3597365914582777,0.9930779277318241,7.812322853391665,41.363685752216725
V2_03_difficult,Vicon room,walk10,15.0,20.0,1,475.0,0.0,0.0,False,False,2.695672849167486,0.9930343926861123,7.361287547008081,39.6298866100479
V2_03_difficult,Vicon room,default,35.0,20.0,0,475.0,3.0,0.00631578947368421,False,False,8.640442358849686,0.7986939486286461,1.5619236104494032,4.489785924621196
V2_03_difficult,Vicon room,preset,35.0,20.0,0,475.0,0.0,0.0,False,False,4.348217480021951,0.9737919024814976,5.384388639261055,25.35406785835708
V2_03_difficult,Vicon room,walk10,35.0,20.0,0,475.0,0.0,0.0,False,False,3.6983474501990967,0.9913365259033522,9.595414093707113,42.13128978325388
V2_03_difficult,Vicon room,default,35.0,20.0,1,475.0,1.0,0.002105263157894737,False,False,8.648117644246598,0.744623421854593,2.01382017868856,6.620039159529047
V2_03_difficult,Vicon room,preset,35.0,20.0,1,475.0,0.0,0.0,False,False,3.0599954312259747,0.9869830213321724,3.5374025239264544,18.694245971880946
V2_03_difficult,Vicon room,walk10,35.0,20.0,1,475.0,0.0,0.0,False,False,2.5650550141329607,1.0,5.459507280110584,27.61537754205358
V2_03_difficult,Vicon room,default,60.0,20.0,0,475.0,178.0,0.37473684210526315,True,True,21.04627772781657,0.39425337396604265,37.80064409133749,130.2675328488877
V2_03_difficult,Vicon room,preset,60.0,20.0,0,475.0,0.0,0.0,False,False,3.20782716569133,0.9982150631258163,2.7303011937608006,13.255041645587484
V2_03_difficult,Vicon room,walk10,60.0,20.0,0,475.0,0.0,0.0,False,False,2.4698064067543855,0.9982150631258163,4.284113569176994,20.881133063749637
V2_03_difficult,Vicon room,default,60.0,20.0,1,475.0,176.0,0.3705263157894737,True,True,16.722277051925346,0.4014366565084893,33.483007817436814,117.02557272004827
V2_03_difficult,Vicon room,preset,60.0,20.0,1,475.0,0.0,0.0,False,False,3.0835991051192595,0.9891162385720506,1.6540942582852538,7.812062778246316
V2_03_difficult,Vicon room,walk10,60.0,20.0,1,475.0,0.0,0.0,False,False,2.6440993886858957,0.9959947757945146,3.898952824921491,18.52483724796516
