fault,base,level,unit,n_seeds,ate_rmse_m_mean,ate_rmse_m_lo,ate_rmse_m_hi,nees_mean_mean,nees_mean_lo,nees_mean_hi,coverage_2sigma_pct_mean,coverage_2sigma_pct_lo,coverage_2sigma_pct_hi,claimed_sigma_p_m_mean,detected_n,declared_n,granted_n,latency_s_mean,declared_channels,rejected_pct_mean,rejected_pct_lo,rejected_pct_hi
control,gnss_only,0.0,,5,0.515641198647663,0.47421349429940723,0.5680959167402733,3.9137502124096857,2.9573334623173837,4.8701669625019886,99.46675554074321,98.40026662222964,100.0,0.2521574750067039,0,0,0,,,0.0,0.0,0.0
control,outage_visual,0.0,,5,3.257993236609015,2.497907770078825,4.381786892378955,626.9397957140583,391.6258519326081,1017.6286221202821,20.54657557073821,15.220796533911013,27.742042992834524,0.16065424513811635,5,3,5,,gnss,3.0814814814814815,1.3925925925925928,4.770370370370371
control,vision_only,0.0,,5,3.5961074919211513,2.402292669684479,5.1972089139578195,888.5933847970894,330.25151706364073,1704.2130809032183,0.6665555740709882,0.6665555740709882,0.6665555740709882,0.15576742679400424,0,0,0,,,0.0,0.0,0.0
gnss_spoof_sustained,gnss_only,3.0,m,5,2.8918717398489293,2.281178534213644,3.647270696559704,79.6727136309454,68.93473177887252,94.63216988165506,38.940176637227125,35.87068821863022,43.156140643226124,0.29037306122069084,5,2,0,11.200000000000001,gnss,15.894039735099337,3.4437086092715234,28.344370860927153
gnss_spoof_sustained,gnss_only,10.0,m,5,5.226093908500143,0.7342280008582339,9.73685361819536,74.9626511775837,2.6015851234264677,174.77143989635266,85.59573404432595,70.6582236293951,100.0,0.4869576681321107,5,5,0,0.8000000000000007,gnss,47.94701986754967,36.95364238410596,59.47019867549668
gnss_spoof_sustained,gnss_only,40.0,m,5,1.128561242775112,0.728254399570192,1.7802045671513291,2.756247202872183,2.285332043633582,3.2636902624502335,99.46675554074321,98.40026662222964,100.0,0.4186245773638449,5,5,0,0.8000000000000007,gnss,39.0728476821192,39.0728476821192,39.0728476821192
gnss_multipath_spike,gnss_only,20.0,m,5,0.5166033833214418,0.47249546902115336,0.5722095200997768,3.908981470110384,2.8675379019345755,4.950425038286193,99.60006665555741,98.80019996667222,100.0,0.2568777546038823,5,0,0,,,0.6622516556291391,0.6622516556291391,0.6622516556291391
gnss_slow_bias,gnss_only,1.0,m (1 sigma),5,1.4152829882822373,1.0718822400983614,1.733071166635335,41.53509912707777,17.877188489631926,66.21984543228572,34.980836527245465,18.98016997167139,57.033827695384105,0.2520924635663763,1,0,0,,,0.13245033112582782,0.0,0.3973509933774835
gnss_slow_bias,gnss_only,3.0,m (1 sigma),5,4.0699251067771725,2.8891368779381508,5.445250136888534,198.0787242781249,116.38442006477487,325.5059025828224,9.978336943842693,2.7995334110981505,17.157140476587237,0.30377528864562214,5,2,0,,gnss,18.675496688741724,3.311258278145696,35.2317880794702
gnss_time_offset,gnss_only,0.05,s,5,0.5355300552480312,0.4934618348876712,0.5883910526933025,4.103832917535868,3.0919759831389872,5.115689851932749,98.93684385935677,96.81053157807031,100.0,0.2524834384202875,0,0,0,,,0.0,0.0,0.0
gnss_time_offset,gnss_only,0.2,s,5,0.6513593521260587,0.6119575509778342,0.6986390372269051,5.652210002102191,4.4764543550675535,6.827965649136829,91.79470088318614,85.66238960173305,97.33377770371604,0.2535289401454294,0,0,0,,,0.0,0.0,0.0
gnss_time_offset,gnss_only,0.5,s,5,1.0190339754940145,0.9903969145595264,1.0540847077359037,13.218832294412284,11.733838550949969,14.692152535681362,56.04732544575904,52.33127812031328,60.27328778536911,0.2555005847812385,2,0,0,,,0.40540540540540543,0.0,0.9459459459459459
imu_sample_loss,gnss_only,0.5,s lost at 10 s,5,0.865232848173202,0.7615814472539529,0.9769564044159214,13.430437334526303,10.391086124889132,16.769617799287424,56.7463141840366,48.53075749872903,64.63650228774785,0.2493917988904867,2,0,0,,,0.26490066225165565,0.0,0.5298013245033113
imu_sample_loss,gnss_only,2.0,s lost at 10 s,5,70.92843153563612,67.75527194767251,73.40663476338476,1162.8142668092826,1095.6494119446147,1251.991013988278,38.053918943045886,36.800571326548834,39.121585431173,0.46546063416406813,5,5,0,5.5200000000000005,gnss,51.65562913907284,50.86092715231788,52.450331125827816
gnss_spoof_after_outage,outage_visual,3.0,m,5,3.6578701769941864,3.049169906724433,4.381947804466565,748.8040100293929,561.4362995836509,958.7855263079466,16.987168805199133,11.304782536243959,26.12564572571238,0.16065424513811635,5,3,5,6.333333333333333,gnss,2.8740740740740742,1.1555555555555554,4.592592592592593
gnss_spoof_after_outage,outage_visual,10.0,m,5,7.398589606038042,6.2914445171892615,9.18508758388099,3246.1349988364714,2204.7456202433614,5047.270417929109,16.920513247792037,11.204799200133312,26.092317947008837,0.15926129791606558,5,3,4,4.933333333333334,gnss,3.348148148148148,1.2148148148148148,5.62962962962963
gnss_spoof_after_outage,outage_visual,22.0,m,5,6.740843582555959,5.076846406449643,8.96222907882203,2976.868522362668,1819.2060463114674,4901.412257428392,16.920513247792037,11.204799200133312,26.092317947008837,0.15508366836618884,5,5,1,0.8000000000000007,gnss,7.2592592592592595,6.666666666666667,7.555555555555555
vision_time_offset,vision_only,0.05,s,5,3.5441571562098444,2.394588342939716,5.099667814290437,852.9963928801305,349.0419914257828,1633.2304524569931,0.8331944675887352,0.8331944675887352,0.8331944675887352,0.15604231180079542,0,0,0,,,0.0,0.0,0.0
vision_time_offset,vision_only,0.2,s,5,3.4615250786832705,2.504629864139511,4.836857729997494,786.2626872291523,369.7703974203034,1466.3111995903214,1.3331111481419764,1.3331111481419764,1.3331111481419764,0.15670036724466024,0,0,0,,,0.0,0.0,0.0
vision_outage,vision_only,2.0,s lost at 10 s,5,3.9856458517338877,2.540070301536395,5.531411549896694,1053.5681028452823,385.2870338474441,1901.7146555045795,0.6665555740709882,0.6665555740709882,0.6665555740709882,0.16284943865458787,0,0,0,,,0.0,0.0,0.0
vision_outage,vision_only,5.0,s lost at 10 s,5,4.90961014880044,3.5107054536779416,6.459998062363892,1392.0537617157588,658.7927753160686,2287.5657372657965,0.6665555740709882,0.6665555740709882,0.6665555740709882,0.19706259862758935,0,0,0,,,0.0,0.0,0.0
