dataset,sequence,seed,cls,kind,level,nis,mean_shift,drift_m_s,bias_accel,bias_gyro
euroc,MH_01_easy,0,control,none,0.0,0.8996437183915189,0.6679975371219147,0.02043160605422531,0.12708426367192133,0.0005828508064866971
euroc,MH_01_easy,0,multipath,multipath,3.0,8.415521660696266,16.18605411340187,0.2972519960802486,0.14874015526764872,0.0013387195116171579
euroc,MH_01_easy,0,multipath,multipath,10.0,37.00110208724063,35.42771830156306,2.870771106495945,0.07798955225918677,0.0015285848353426693
euroc,MH_01_easy,0,multipath,multipath,30.0,213.581616752881,37.63906549058233,0.616644007019353,0.2866140588873969,0.0005043247998188773
euroc,MH_01_easy,0,spoofing,ramp,0.5,0.902527212156966,0.7631428452038973,0.020752749672246926,0.12593326026316054,0.000447853369541337
euroc,MH_01_easy,0,spoofing,ramp,1.0,0.9305694974963675,0.8395883377254737,0.02241750934064732,0.12920863668106206,0.000473222930286894
euroc,MH_01_easy,0,spoofing,ramp,2.0,1.0591285505416692,0.9067870724618764,0.028387803510201405,0.14803321203876796,0.0020837736431285007
euroc,MH_01_easy,0,spoofing,ramp,5.0,12.630712780340138,44.934165624098625,0.10370144947505804,0.7909712201149226,0.003235836019256412
euroc,MH_01_easy,0,spoofing,step,10.0,6.529854190150029,21.46153137541157,0.6519806677294336,0.28646231334245964,0.003408548023796335
euroc,MH_01_easy,0,spoofing,step,50.0,154.57811789221083,121.04415087314747,3.633381879984307,0.21714885265036968,0.0030965569612196623
euroc,MH_01_easy,0,degradation,accel_bias,0.2,0.9147654098865822,0.4107760459622435,0.03458103622132782,0.1425227901511323,0.002685042916356453
euroc,MH_01_easy,0,degradation,accel_bias,1.0,1.351761114394166,3.1188753277034635,0.12637556328445776,0.43165734777092857,0.009093098845870175
euroc,MH_01_easy,0,degradation,gyro_bias,0.01,1.0277669483855423,5.812004789754931,0.014742119364960952,0.258966387401546,0.00874901301885441
euroc,MH_01_easy,0,degradation,gyro_bias,0.05,134.0278693111812,164.78233712410258,19.800627759146384,0.2735535675989785,0.004017802660558015
euroc,MH_01_easy,1,control,none,0.0,1.127248423477001,0.7646606972026532,0.025979911173636513,0.18789258276637474,0.0025489632013345506
euroc,MH_01_easy,1,multipath,multipath,3.0,8.789893779811749,17.37258404936555,0.6304898904364303,0.0716290023013915,0.0016390064128877007
euroc,MH_01_easy,1,multipath,multipath,10.0,55.0596386498132,68.80349847032706,4.228225361191089,0.03512375982360312,0.002441836997215045
euroc,MH_01_easy,1,multipath,multipath,30.0,257.84099848840737,49.69537594213815,2.3067953614575805,0.04641147212869226,0.0004999885810257609
euroc,MH_01_easy,1,spoofing,ramp,0.5,1.15610741169815,0.7300870048086929,0.030712675091303498,0.16929338538021432,0.002125371912541435
euroc,MH_01_easy,1,spoofing,ramp,1.0,1.210275383624845,0.7424264368693938,0.035947666659508416,0.15456902525299432,0.0015421787436223162
euroc,MH_01_easy,1,spoofing,ramp,2.0,1.4425625889435265,1.0483785924011104,0.05294564860484743,0.15441988995183167,0.0013019967663526072
euroc,MH_01_easy,1,spoofing,ramp,5.0,24.922911027103993,80.37977487937016,5.853224078578597,0.019589214524457124,0.00029949499658915016
euroc,MH_01_easy,1,spoofing,step,10.0,9.331538457488355,29.721429513437762,0.9236729365945614,0.2326327434327826,0.0005073679726172504
euroc,MH_01_easy,1,spoofing,step,50.0,168.42505472132675,151.03008402291033,0.9957774958928489,0.1956828884943151,0.002523283285131888
euroc,MH_01_easy,1,degradation,accel_bias,0.2,1.1419802775996153,0.6446185963474926,0.049765330392422064,0.2500670959704811,0.0016892353276303678
euroc,MH_01_easy,1,degradation,accel_bias,1.0,1.5996119284065673,3.943941203928362,0.14845249839189187,0.6560697641101539,0.0018005556291503398
euroc,MH_01_easy,1,degradation,gyro_bias,0.01,1.2728338471548,5.57443110637492,0.030067811127029935,0.40861676236564315,0.005524401975662782
euroc,MH_01_easy,1,degradation,gyro_bias,0.05,147.76424123309087,173.66138551218978,22.50834703187632,0.10301383431455037,0.002920008906183084
euroc,MH_02_easy,0,control,none,0.0,0.9068084570086606,0.43661366735055657,0.021435647066824957,0.061108183006906826,0.001522251346581896
euroc,MH_02_easy,0,multipath,multipath,3.0,8.27057400258194,17.663398618242297,0.23883660903353382,0.17660552216390743,0.0021848024280929816
euroc,MH_02_easy,0,multipath,multipath,10.0,48.97014183020254,54.97279667724221,2.631076190411616,0.07325311403359117,0.0018781114807559763
euroc,MH_02_easy,0,multipath,multipath,30.0,209.49388034635987,39.14713158271205,0.36646126973940674,0.30548035733870804,0.0018004843321556365
euroc,MH_02_easy,0,spoofing,ramp,0.5,0.9128183017179331,0.5112722906209103,0.023865198930832866,0.06269940350380032,0.0012487466372898522
euroc,MH_02_easy,0,spoofing,ramp,1.0,0.942789873990701,0.5849002876400147,0.027626070199271154,0.0995060613391131,0.0010341538320259914
euroc,MH_02_easy,0,spoofing,ramp,2.0,1.0734662453433639,0.6982220896057747,0.03740300434883178,0.2001152727477933,0.000953847265614693
euroc,MH_02_easy,0,spoofing,ramp,5.0,17.74449481757003,44.93788547636616,0.2930031079036148,0.1815999112499783,0.0019415520401352357
euroc,MH_02_easy,0,spoofing,step,10.0,7.040706863332161,22.621532143559826,0.6883057844284538,0.2773648345874265,0.0035682386504035405
euroc,MH_02_easy,0,spoofing,step,50.0,160.3029753031353,128.85012269578644,3.1288632121650513,0.12354715840340819,0.0012161792371659808
euroc,MH_02_easy,0,degradation,accel_bias,0.2,0.9285116641322818,0.345617609928215,0.038415193033693826,0.0659027360840489,0.001973164444397104
euroc,MH_02_easy,0,degradation,accel_bias,1.0,1.4066937109776128,3.586405553478434,0.12786160980020844,0.451975458511456,0.0034789428785265497
euroc,MH_02_easy,0,degradation,gyro_bias,0.01,1.0741783328571328,6.813735071957149,0.023678520784477665,0.233052710342608,0.0061078840148391265
euroc,MH_02_easy,0,degradation,gyro_bias,0.05,138.7882269172563,169.0581401444422,21.51833843380506,0.059361709228643665,0.006228307311838709
euroc,MH_02_easy,1,control,none,0.0,1.1236435714925501,0.9934914050086472,0.029084390751699638,0.10818635390215635,0.0010083152369504214
euroc,MH_02_easy,1,multipath,multipath,3.0,9.038943007490978,18.080026845145213,0.6787965422260448,0.07295134197533547,0.0020484609460879456
euroc,MH_02_easy,1,multipath,multipath,10.0,54.72268633070417,70.32109625212627,4.152209724905855,0.04489248876019043,0.001628569107314889
euroc,MH_02_easy,1,multipath,multipath,30.0,257.1909273430469,53.49089362171781,2.478289616625073,0.04013096888960484,0.00040515043002111725
euroc,MH_02_easy,1,spoofing,ramp,0.5,1.1556629151299729,0.9511025858344148,0.034610977999708074,0.05745710960333039,0.0011131565392851546
euroc,MH_02_easy,1,spoofing,ramp,1.0,1.2125039328907337,0.9473576992262955,0.04033457143718038,0.024731700888760814,0.0012250127615611567
euroc,MH_02_easy,1,spoofing,ramp,2.0,1.451541087790373,1.1552155831686073,0.058065350306115426,0.09896729297248544,0.001453160832771624
euroc,MH_02_easy,1,spoofing,ramp,5.0,26.32848881279178,82.71105263105058,6.341855264001832,0.028138980970873348,0.00042334986473765534
euroc,MH_02_easy,1,spoofing,step,10.0,9.930500556280288,31.25341838443967,0.9757649632176867,0.21340689506080643,0.0017789536695676234
euroc,MH_02_easy,1,spoofing,step,50.0,171.22272929705994,156.69401400514022,0.5833927441188215,0.1541696928349994,0.0032155681885610884
euroc,MH_02_easy,1,degradation,accel_bias,0.2,1.138980296077093,1.0678804646926456,0.05044163510090949,0.15469768018457167,0.0007764584909128109
euroc,MH_02_easy,1,degradation,accel_bias,1.0,1.5859143280574164,3.8142630556854935,0.1459006258109346,0.49198606968996444,0.0017199991116232808
euroc,MH_02_easy,1,degradation,gyro_bias,0.01,1.2792200282401394,5.998732724835154,0.04551544471292848,0.13264911290812303,0.005146792407906515
euroc,MH_02_easy,1,degradation,gyro_bias,0.05,137.0827363395487,165.31107883189833,19.799970164649046,0.10002308260331248,0.006668170324865209
euroc,MH_03_medium,0,control,none,0.0,0.898543191515733,0.5081508656456265,0.015013671819259293,0.033216668449047054,0.005541887586346885
euroc,MH_03_medium,0,multipath,multipath,3.0,8.583524951027227,16.37308848367751,1.359736699901551,0.2118442968177543,0.009906258773226284
euroc,MH_03_medium,0,multipath,multipath,10.0,33.79365304251135,32.48880112456371,2.7026490818191795,0.18983966307973563,0.005617970171246803
euroc,MH_03_medium,0,multipath,multipath,30.0,199.25840479775613,35.94875722554547,1.012032359659853,0.29910016686304913,0.0023633297398719904
euroc,MH_03_medium,0,spoofing,ramp,0.5,0.9035864403732646,0.3547726577991466,0.015028359157624047,0.0311445827568786,0.005270794136777836
euroc,MH_03_medium,0,spoofing,ramp,1.0,0.930654770177023,0.3231893985670453,0.016383238494034783,0.03887556231957087,0.004933159564225847
euroc,MH_03_medium,0,spoofing,ramp,2.0,1.0537751511001925,0.3553089887131475,0.01985556058439866,0.09589812949714917,0.003992344180091026
euroc,MH_03_medium,0,spoofing,ramp,5.0,2.455350563442812,2.1432993416020683,0.032209098330335924,0.515481890073683,0.0037032756371576958
euroc,MH_03_medium,0,spoofing,step,10.0,3.7227152049953696,12.594671511402575,0.4598242706101975,0.508675981560828,0.0017284753288009317
euroc,MH_03_medium,0,spoofing,step,50.0,84.98581998319294,92.6345807498101,3.460302260216448,0.24401465093079322,0.011026336490842876
euroc,MH_03_medium,0,degradation,accel_bias,0.2,0.9097806544370854,1.419571192827033,0.0176672575097436,0.16229607297527124,0.005276482482764965
euroc,MH_03_medium,0,degradation,accel_bias,1.0,1.2253350013637514,5.101271077190352,0.08522283101943019,0.8316239836395272,0.0053132883078618335
euroc,MH_03_medium,0,degradation,gyro_bias,0.01,1.0535279758190266,6.166681013897027,0.031168052361028563,0.4324841152487639,0.0076445708921880325
euroc,MH_03_medium,0,degradation,gyro_bias,0.05,83.50737605048167,127.42998376097788,16.833226382258065,0.33803165762764054,0.004897349437442607
euroc,MH_03_medium,1,control,none,0.0,1.1117944516771767,1.1428109844828112,0.012391689486840583,0.059450412909190564,0.000661500632435265
euroc,MH_03_medium,1,multipath,multipath,3.0,9.070033265020465,19.337433749099326,1.4688826068758514,0.11750712190383251,0.008963372529274009
euroc,MH_03_medium,1,multipath,multipath,10.0,49.62977520490327,61.777381138174185,3.4948522486927045,0.17559322842442415,0.004685453449874261
euroc,MH_03_medium,1,multipath,multipath,30.0,195.60232007342202,21.007905880302005,1.4068661568674814,0.24889520773655613,0.0014518083655383318
euroc,MH_03_medium,1,spoofing,ramp,0.5,1.1281141651447575,1.1396568556961355,0.01788244912920386,0.07448616919687202,0.0007000746727988433
euroc,MH_03_medium,1,spoofing,ramp,1.0,1.167012321009866,1.138046720826374,0.023270485095914808,0.09739564888023816,0.000955427121038392
euroc,MH_03_medium,1,spoofing,ramp,2.0,1.333537391316234,0.8498646673687389,0.03499943769659857,0.16372427442512433,0.0017139161503875718
euroc,MH_03_medium,1,spoofing,ramp,5.0,16.522624730661956,66.15837213820821,4.752190085694356,0.1223523985263495,0.006001221869769888
euroc,MH_03_medium,1,spoofing,step,10.0,5.631794179962458,21.045838516642664,0.8154573995138065,0.3343696758438155,0.0016854727123324284
euroc,MH_03_medium,1,spoofing,step,50.0,102.08303667535955,121.7826402258156,1.1800750188915687,0.18620624820568327,0.02122850707214392
euroc,MH_03_medium,1,degradation,accel_bias,0.2,1.1227191851654503,0.8341352245701328,0.018888564520353285,0.16161101474872255,0.0007363574972176467
euroc,MH_03_medium,1,degradation,accel_bias,1.0,10.82367031678959,51.27157833945249,5.447042423819498,0.2731977450904194,0.004578772575231955
euroc,MH_03_medium,1,degradation,gyro_bias,0.01,1.2288004471014944,5.028816502733056,0.03498055430633376,0.44123744355827144,0.004947205302776592
euroc,MH_03_medium,1,degradation,gyro_bias,0.05,76.44447928906835,121.02277089893504,15.98107685094423,0.4512169805360956,0.004993311276752977
euroc,MH_04_difficult,0,control,none,0.0,0.9163506363848711,1.2615725256607437,0.021064462882878165,0.30423900991631286,0.0019966376378565973
euroc,MH_04_difficult,0,multipath,multipath,3.0,8.358316483674253,33.77099320053252,2.4681289325070557,0.33899384782367725,0.0037099179420263906
euroc,MH_04_difficult,0,multipath,multipath,10.0,28.384271438710453,29.714108814382175,2.171159459374828,0.2372424563709174,0.0021292904087467533
euroc,MH_04_difficult,0,multipath,multipath,30.0,247.83540350828844,66.7200241667602,2.469810947099427,0.379823960461277,0.0028178179554437886
euroc,MH_04_difficult,0,spoofing,ramp,0.5,0.9300526814610465,1.5480696418412925,0.016754323391182706,0.33630826356244176,0.0014545526177327994
euroc,MH_04_difficult,0,spoofing,ramp,1.0,0.9628965201534715,1.9072358283514632,0.012369314100196099,0.3658324413622993,0.0010538878028263435
euroc,MH_04_difficult,0,spoofing,ramp,2.0,1.0842176090603945,2.896779425778444,0.013955045712731848,0.4149341115161113,0.0004987903296908876
euroc,MH_04_difficult,0,spoofing,ramp,5.0,23.992348706683998,64.55380439237915,7.32460305239021,0.4540870368996091,0.015083070780517103
euroc,MH_04_difficult,0,spoofing,step,10.0,5.501946239468179,15.443037449228514,0.5011971631725683,0.2965166444689812,0.007738770751973687
euroc,MH_04_difficult,0,spoofing,step,50.0,140.74556722105925,66.51670602189766,7.445878171335362,0.2256812350280676,0.0016351342509723548
euroc,MH_04_difficult,0,degradation,accel_bias,0.2,0.9298793094505412,0.9291859121540412,0.038666188722537714,0.36906256356784745,0.002169357842142269
euroc,MH_04_difficult,0,degradation,accel_bias,1.0,1.2986358430557918,2.1322697088003424,0.11639541966052609,0.8265152140729202,0.004018655560137338
euroc,MH_04_difficult,0,degradation,gyro_bias,0.01,1.054986793131367,5.068765143051047,0.0454086929128779,0.8043658526115458,0.004244612287947121
euroc,MH_04_difficult,0,degradation,gyro_bias,0.05,80.76350071604053,125.26526457521628,14.203367712763795,0.5589749281427354,0.008524680576227017
euroc,MH_04_difficult,1,control,none,0.0,1.1212314703772535,0.8712751680718445,0.018200853241333817,0.1358296044635978,0.007548674286376671
euroc,MH_04_difficult,1,multipath,multipath,3.0,10.461141160657569,34.340747750933154,2.2699537332300284,0.19426730088659408,0.006884361274058789
euroc,MH_04_difficult,1,multipath,multipath,10.0,47.13293258972032,63.002233370777994,3.6135790735670503,0.06851094345000379,0.0017964956828176106
euroc,MH_04_difficult,1,multipath,multipath,30.0,242.27229149397712,52.89674909887637,2.416658161476821,0.05985845760923737,0.002006898810537746
euroc,MH_04_difficult,1,spoofing,ramp,0.5,1.1523312416243916,1.2875181008864232,0.023379403601166488,0.14526277526664397,0.007157674190132323
euroc,MH_04_difficult,1,spoofing,ramp,1.0,1.2029616429510508,1.7136729264833384,0.030285862519599,0.16800328021661304,0.006773611722904154
euroc,MH_04_difficult,1,spoofing,ramp,2.0,1.4132202230478492,2.6400700537324253,0.056662307994327615,0.24727078789947432,0.00646177008649038
euroc,MH_04_difficult,1,spoofing,ramp,5.0,15.975943119451692,46.61568218044121,1.2614920894270563,0.20410076073785471,0.002835558482788992
euroc,MH_04_difficult,1,spoofing,step,10.0,8.073755536949383,23.351388712425734,0.8845114494201659,0.26179011118393386,0.0014110277196819592
euroc,MH_04_difficult,1,spoofing,step,50.0,148.27003236310625,114.7546601785476,3.4844436935106526,0.22291765758012685,0.007859831363983674
euroc,MH_04_difficult,1,degradation,accel_bias,0.2,1.1299430582250576,1.4040374321922475,0.021311141395601522,0.25122995531146747,0.007683139690886585
euroc,MH_04_difficult,1,degradation,accel_bias,1.0,1.6400251262330923,4.174781134731627,0.10794681100720391,0.7996290938232206,0.006236712200267094
euroc,MH_04_difficult,1,degradation,gyro_bias,0.01,1.2617745218578422,5.567018664872004,0.029531263427083045,0.6755709069528685,0.007323096670914419
euroc,MH_04_difficult,1,degradation,gyro_bias,0.05,86.98448555781698,133.19994527715596,17.889511458722833,0.37647068880345613,0.0029621110736025406
euroc,MH_05_difficult,0,control,none,0.0,0.9061007222717355,0.2702055662792788,0.01490317641068153,0.06941531819216873,0.009734232961600461
euroc,MH_05_difficult,0,multipath,multipath,3.0,6.820198117394852,28.11780981922425,0.49859807906994674,0.0980676781838899,0.0007647929249952747
euroc,MH_05_difficult,0,multipath,multipath,10.0,31.861170067097095,29.412743377243178,2.783820729840252,0.16987950208222022,0.0035884506774960566
euroc,MH_05_difficult,0,multipath,multipath,30.0,197.0973568281137,34.25285478290953,1.269808163654925,0.31512704398150077,0.004044727816842081
euroc,MH_05_difficult,0,spoofing,ramp,0.5,0.9077057094937208,0.5024654053235886,0.012502804442533525,0.0910592561541809,0.010273894148055122
euroc,MH_05_difficult,0,spoofing,ramp,1.0,0.9350989710759862,0.7401356881593779,0.01311477224995912,0.11678693358505447,0.010782234109316053
euroc,MH_05_difficult,0,spoofing,ramp,2.0,1.070742016589654,1.0609015414986827,0.01935860110778702,0.17467402201340732,0.01142095396965649
euroc,MH_05_difficult,0,spoofing,ramp,5.0,30.462831807427282,71.38123162223711,7.153484853717088,0.3870002819400071,0.017118280141589063
euroc,MH_05_difficult,0,spoofing,step,10.0,5.097478618144148,15.777642246316825,0.47345256454164114,0.20232008982957317,0.011358755110295502
euroc,MH_05_difficult,0,spoofing,step,50.0,125.7536115626953,93.18674953461209,4.8208354735753645,0.11681256331878719,0.002692700190419439
euroc,MH_05_difficult,0,degradation,accel_bias,0.2,0.9195167540398649,0.24262906595979838,0.020603196771177022,0.139490116142785,0.008639898181131912
euroc,MH_05_difficult,0,degradation,accel_bias,1.0,1.2626596949346087,2.577994841053664,0.07518346510707528,0.6693930954220123,0.005806342267236085
euroc,MH_05_difficult,0,degradation,gyro_bias,0.01,1.005068325942151,5.018553931056921,0.03110843621661126,0.4581578401110948,0.011329084344375205
euroc,MH_05_difficult,0,degradation,gyro_bias,0.05,101.20730711257148,140.9834152652734,16.632251545725275,0.4880185656860959,0.0062595193171485364
euroc,MH_05_difficult,1,control,none,0.0,1.1302962515710575,0.99583285953129,0.02966713163115568,0.1482557452175873,0.008516094133544115
euroc,MH_05_difficult,1,multipath,multipath,3.0,10.045486175479097,26.90469820785816,0.4317403969355516,0.2551086831693549,0.008792457006253416
euroc,MH_05_difficult,1,multipath,multipath,10.0,47.67994651653361,65.86274022266316,3.6815779843052208,0.06624340272128988,0.001898020913924297
euroc,MH_05_difficult,1,multipath,multipath,30.0,239.33913793383695,55.92500131716772,2.5849846640040863,0.05482817880951358,0.0009048362706679537
euroc,MH_05_difficult,1,spoofing,ramp,0.5,1.1565680582927966,1.033206976423163,0.034383524588008495,0.13742206763593676,0.008551828525287316
euroc,MH_05_difficult,1,spoofing,ramp,1.0,1.2055547464482104,1.0298200119352514,0.039095305328754895,0.13324521277935925,0.00874586977133135
euroc,MH_05_difficult,1,spoofing,ramp,2.0,1.4273536245436105,0.9422314233796364,0.05610159072026333,0.1529985338073267,0.009824753198326836
euroc,MH_05_difficult,1,spoofing,ramp,5.0,16.98152853473986,49.63061904527844,1.469674317819215,0.3155727823575101,0.0035856916807499575
euroc,MH_05_difficult,1,spoofing,step,10.0,8.392121092085988,26.978141826753447,1.0254251205727394,0.257293095802274,0.0034683101162070293
euroc,MH_05_difficult,1,spoofing,step,50.0,136.430448304652,126.29154111341842,1.7448026804109213,0.12865700630569926,0.0028065888767577958
euroc,MH_05_difficult,1,degradation,accel_bias,0.2,1.1369876450382692,1.3455421163411383,0.02854593565443434,0.2402963418445277,0.009294916906325027
euroc,MH_05_difficult,1,degradation,accel_bias,1.0,1.7959322702824598,4.93319551134046,0.09468368445244738,0.8086221582802862,0.009389453666995742
euroc,MH_05_difficult,1,degradation,gyro_bias,0.01,1.274082664923746,5.541846204687824,0.04225677308342615,0.6236236011353449,0.00844339838290028
euroc,MH_05_difficult,1,degradation,gyro_bias,0.05,93.13613717306458,134.70335850455103,18.050549385734673,0.42953924894595064,0.014822314194259887
euroc,V1_01_easy,0,control,none,0.0,0.9144787636307506,2.0080355154734453,0.009816825117628667,0.13343647397379232,0.0073652899179565984
euroc,V1_01_easy,0,multipath,multipath,3.0,9.356173228248702,43.12687487803453,5.456494424678114,0.12757864104602756,0.0017791478946637428
euroc,V1_01_easy,0,multipath,multipath,10.0,34.60562272588022,38.988210340747706,2.687791925533582,0.02592347359199752,0.0003525372147767682
euroc,V1_01_easy,0,multipath,multipath,30.0,205.85337801090074,35.80967800521658,1.4320707153593448,0.26595791571736416,0.001812555115479581
euroc,V1_01_easy,0,spoofing,ramp,0.5,0.9228437405236787,1.8081790767676926,0.016116011508205318,0.14504142103257506,0.007594997507003222
euroc,V1_01_easy,0,spoofing,ramp,1.0,0.9589600054178898,1.6394121789791076,0.022479383111891738,0.16275083118655814,0.007682818293524902
euroc,V1_01_easy,0,spoofing,ramp,2.0,1.10755582588202,1.5236132641920621,0.03410711184438849,0.19738725535637272,0.006943326371480953
euroc,V1_01_easy,0,spoofing,ramp,5.0,13.976496620801159,60.71506912119542,5.444925120798099,0.08803103862924039,0.001233262356810806
euroc,V1_01_easy,0,spoofing,step,10.0,6.931906388907485,22.849857514778908,0.7346907263692585,0.2827141141538703,0.007121433977099501
euroc,V1_01_easy,0,spoofing,step,50.0,147.1421099948835,140.52041067373486,0.839474662310337,0.37356544927845337,0.006748368796356453
euroc,V1_01_easy,0,degradation,accel_bias,0.2,0.9280797428624313,2.172258206225087,0.016337189247221526,0.3319202224639426,0.004542618466403937
euroc,V1_01_easy,0,degradation,accel_bias,1.0,1.330713616135576,3.8045622515555566,0.10162610286837652,1.1705147292752032,0.001876125939768145
euroc,V1_01_easy,0,degradation,gyro_bias,0.01,1.1392009457058312,4.829157588770169,0.04664913091881921,0.3062811177310025,0.01112295520695733
euroc,V1_01_easy,0,degradation,gyro_bias,0.05,140.82957550279266,171.07035456136768,17.723192430628853,0.29913871626093635,0.005812922888090259
euroc,V1_01_easy,1,control,none,0.0,1.1545071740428918,1.3285745829340125,0.03192181965980848,0.18390735043108672,0.011108989502247308
euroc,V1_01_easy,1,multipath,multipath,3.0,9.004791289892804,40.84041568359324,4.075587526129754,0.18952101914766503,0.008600090968100702
euroc,V1_01_easy,1,multipath,multipath,10.0,45.159408917687195,53.89122871623356,3.28710322262345,0.16177401730457738,0.006272846053769861
euroc,V1_01_easy,1,multipath,multipath,30.0,201.83038100229115,15.34556621985825,1.3736693937776836,0.21438430020864568,0.0017626995109221158
euroc,V1_01_easy,1,spoofing,ramp,0.5,1.1807790329488157,1.5949590165948269,0.04021380784523091,0.18966132167543578,0.01537918522206919
euroc,V1_01_easy,1,spoofing,ramp,1.0,1.2323243558799926,1.9006820090918162,0.04881333549443939,0.19174874657465904,0.019505143094269314
euroc,V1_01_easy,1,spoofing,ramp,2.0,1.4132709275446442,2.5843544793804227,0.06580650598307995,0.18999290725072426,0.024366499849005366
euroc,V1_01_easy,1,spoofing,ramp,5.0,17.691744350891486,60.82915148114641,3.082052798200556,0.19499996916119128,0.013372516477655149
euroc,V1_01_easy,1,spoofing,step,10.0,8.294397043311806,27.06844089356718,0.9764566212162609,0.26693530318617803,0.0026867704603832847
euroc,V1_01_easy,1,spoofing,step,50.0,136.038112340746,119.60377573633448,2.8210484638545172,0.4205312161149764,0.004728615513350902
euroc,V1_01_easy,1,degradation,accel_bias,0.2,1.1555817288696029,1.408356468529969,0.02731033147292053,0.1544750522968851,0.00815766125055745
euroc,V1_01_easy,1,degradation,accel_bias,1.0,1.831495217623755,4.375008765609552,0.12964502256929059,0.9456021909415309,0.003929608606026005
euroc,V1_01_easy,1,degradation,gyro_bias,0.01,1.3356871916556752,3.283815440334883,0.04449769537475403,0.054672708543600894,0.01663584186983967
euroc,V1_01_easy,1,degradation,gyro_bias,0.05,128.07925879899054,162.68014055859413,17.914638523319486,0.26262654548681463,0.009730413433935223
euroc,V1_02_medium,0,control,none,0.0,0.9044682117492164,0.8956466474636087,0.014957555597863431,0.04146715266995196,0.0023790670977927005
euroc,V1_02_medium,0,multipath,multipath,3.0,7.944738804805707,22.73841971014827,0.2325884743240474,0.24498800609605545,0.0029725392712802914
euroc,V1_02_medium,0,multipath,multipath,10.0,39.30961751853322,28.975504597185203,1.61719671022722,0.18907653669377933,0.0018030527222070553
euroc,V1_02_medium,0,multipath,multipath,30.0,159.40406009557418,24.17377275407876,1.287551275888315,0.02001612574740422,9.022649758403242e-05
euroc,V1_02_medium,0,spoofing,ramp,0.5,0.9119659020075433,0.8147188207760809,0.02993021151562665,0.05387041741571998,0.0032542640492106718
euroc,V1_02_medium,0,spoofing,ramp,1.0,0.947918757011785,0.7106733182057101,0.04736040994127355,0.07305023529522715,0.0043038751904091975
euroc,V1_02_medium,0,spoofing,ramp,2.0,1.1152240945447272,0.6441122001278472,0.08607440992674746,0.12611981584260668,0.007036044015559493
euroc,V1_02_medium,0,spoofing,ramp,5.0,33.76533788198246,97.41556799396854,5.377236607972651,0.07179541520145413,0.0011004923641665671
euroc,V1_02_medium,0,spoofing,step,10.0,7.765152046315577,27.878135156721044,0.8455985927503197,0.07513985458784529,0.006974727386029914
euroc,V1_02_medium,0,spoofing,step,50.0,163.087484555065,169.59856090655012,0.8396300200709939,0.02001612574740422,9.022649758403242e-05
euroc,V1_02_medium,0,degradation,accel_bias,0.2,0.917718353202261,0.7455366336470715,0.02894216019612477,0.19526487595994402,0.0018715424345290108
euroc,V1_02_medium,0,degradation,accel_bias,1.0,1.362786601070445,2.9148488422649415,0.11618411269326252,0.9998736700769459,0.003457191373970392
euroc,V1_02_medium,0,degradation,gyro_bias,0.01,0.969036974225432,3.1828363324596043,0.02627060263431315,0.19996466214665046,0.0029680976782553727
euroc,V1_02_medium,0,degradation,gyro_bias,0.05,50.06235343273932,103.1440443953741,6.408412787014214,0.31631970487900946,0.004200381530406239
euroc,V1_02_medium,1,control,none,0.0,1.1330088637677431,1.6292797019535055,0.018278623980413508,0.023378478655659046,0.001641185951830594
euroc,V1_02_medium,1,multipath,multipath,3.0,8.96674386130717,16.48381352203124,0.5860968509619614,0.06992070574559137,0.001513215404847366
euroc,V1_02_medium,1,multipath,multipath,10.0,42.5941874711351,43.344708877979116,2.299697984966269,0.20772882289051117,0.0015106642192216954
euroc,V1_02_medium,1,multipath,multipath,30.0,164.80122690855222,12.782469628116202,1.642439564451291,0.03692199828268188,0.0003097241449880999
euroc,V1_02_medium,1,spoofing,ramp,0.5,1.1514773203516733,1.5814920712026885,0.032616536162878434,0.0444051471808697,0.0009725580045458687
euroc,V1_02_medium,1,spoofing,ramp,1.0,1.2014631725655847,1.5577171477276683,0.0503211868519666,0.069580125443488,0.0013207296067419107
euroc,V1_02_medium,1,spoofing,ramp,2.0,1.452982035028285,1.8553041582971708,0.09472747267552924,0.1376629802512834,0.004642479459037139
euroc,V1_02_medium,1,spoofing,ramp,5.0,34.10561162400598,97.71776821883095,5.092906591695361,0.08558257776161549,0.001968865850660921
euroc,V1_02_medium,1,spoofing,step,10.0,9.419144721471023,31.087822050154358,0.9563715740691481,0.05446223945619454,0.002338411225691527
euroc,V1_02_medium,1,spoofing,step,50.0,171.64889057715337,175.46470718188732,1.1723056707454307,0.03692199828268188,0.0003097241449880999
euroc,V1_02_medium,1,degradation,accel_bias,0.2,1.1552260547142266,1.7635733923779418,0.03754021869274882,0.2167184333211495,0.002103113638827564
euroc,V1_02_medium,1,degradation,accel_bias,1.0,1.6659935854827435,4.290058816000263,0.12332444508900064,1.022522974550783,0.0038509950747043125
euroc,V1_02_medium,1,degradation,gyro_bias,0.01,1.2290385667828168,3.8502788283836313,0.036150173362954736,0.17845603556137543,0.002993453134004395
euroc,V1_02_medium,1,degradation,gyro_bias,0.05,51.69755958740757,104.10947655617932,6.293547532935936,0.2826760512943001,0.003617411300573476
euroc,V1_03_difficult,0,control,none,0.0,0.9071526594469294,1.43806284376226,0.02730970412359123,0.0746782942871134,0.0023106240087089904
euroc,V1_03_difficult,0,multipath,multipath,3.0,9.010093584788848,27.339695528283904,0.5891292274217856,0.16654426502737962,0.0037190418192108088
euroc,V1_03_difficult,0,multipath,multipath,10.0,37.34207106138447,14.764971373236563,1.5936710312417146,0.18636491135948344,0.004892600837294675
euroc,V1_03_difficult,0,multipath,multipath,30.0,152.58275226654874,32.49711247028723,2.8552000893669742,0.018642403697380884,0.0004699425563067464
euroc,V1_03_difficult,0,spoofing,ramp,0.5,0.9093973919627549,0.8044667112147581,0.026896378037708866,0.08681724839159109,0.0026396769349882458
euroc,V1_03_difficult,0,spoofing,ramp,1.0,0.9277941241218574,0.3087759444809284,0.030076269819837426,0.10174093856806686,0.0030137666990808065
euroc,V1_03_difficult,0,spoofing,ramp,2.0,1.0118367343881693,1.2410470764760113,0.04322705524173868,0.1287059654156473,0.003676464979613292
euroc,V1_03_difficult,0,spoofing,ramp,5.0,9.7350540353446,37.58291621199561,0.5703500198526791,0.426473418716309,0.011504787429676061
euroc,V1_03_difficult,0,spoofing,step,10.0,6.074203768508085,20.77316037990095,0.613065964902494,0.16161710685060082,0.005700059873674641
euroc,V1_03_difficult,0,spoofing,step,50.0,152.09309387038294,114.9358046917557,4.401925455575384,0.07217190357973277,0.002062929335754454
euroc,V1_03_difficult,0,degradation,accel_bias,0.2,0.9252744528672996,1.4701431801240963,0.026777573948999368,0.09305461974124993,0.001930412731693859
euroc,V1_03_difficult,0,degradation,accel_bias,1.0,1.3189968708425799,2.88294697357932,0.04699836225375019,0.7298754404493809,0.0049908618455507215
euroc,V1_03_difficult,0,degradation,gyro_bias,0.01,1.0954432245971437,5.019472060817512,0.08160309206699572,0.4662273641055277,0.0044643335119995626
euroc,V1_03_difficult,0,degradation,gyro_bias,0.05,60.32211532077539,77.39444547802105,4.858083088330415,0.8059295932048918,0.009098770330256228
euroc,V1_03_difficult,1,control,none,0.0,1.1277225468511987,0.27357513290988633,0.016456484086126745,0.044564080994142496,0.004113080477106439
euroc,V1_03_difficult,1,multipath,multipath,3.0,9.15408034548953,23.043812388326906,0.7410522318449567,0.23712341444248344,0.0008581548502081188
euroc,V1_03_difficult,1,multipath,multipath,10.0,39.76764235088116,43.455454684128334,2.291563741062813,0.16241695728305888,0.00096013587018738
euroc,V1_03_difficult,1,multipath,multipath,30.0,188.3414704605225,13.582465340133439,0.8537491423163175,0.18707067285636367,0.0015802268555636558
euroc,V1_03_difficult,1,spoofing,ramp,0.5,1.1494409576976403,0.3573591033450606,0.024743371750451167,0.049522956566872715,0.003583875001695114
euroc,V1_03_difficult,1,spoofing,ramp,1.0,1.1858592700947732,0.9113352490471547,0.03374689597191729,0.057118181099184616,0.0030952989113354184
euroc,V1_03_difficult,1,spoofing,ramp,2.0,1.30192638103883,2.0066321677062624,0.052533697241790016,0.07342371976703556,0.002260506920468723
euroc,V1_03_difficult,1,spoofing,ramp,5.0,20.2085329477799,72.40531168549583,4.348083397911044,0.04952383651527575,0.0012827085960485532
euroc,V1_03_difficult,1,spoofing,step,10.0,8.186328717620544,27.66456529559205,0.8462722408659451,0.13121192280998145,0.0020064802064805568
euroc,V1_03_difficult,1,spoofing,step,50.0,159.35012263215154,146.28354472911417,2.1461490742565705,0.5448379876087805,0.005791141227814686
euroc,V1_03_difficult,1,degradation,accel_bias,0.2,1.1418512594991126,0.8597175159950644,0.020299872793078717,0.14230410459424664,0.004150339124217807
euroc,V1_03_difficult,1,degradation,accel_bias,1.0,1.6156968319418343,3.990679039792846,0.05785989965816517,0.8133879051723923,0.0038166278314861472
euroc,V1_03_difficult,1,degradation,gyro_bias,0.01,1.288565360522802,4.230358039474153,0.07193705647855696,0.5023533763058791,0.0069410199455347855
euroc,V1_03_difficult,1,degradation,gyro_bias,0.05,21.59431219154307,59.13096358725709,9.252367982844138,0.23858318665910183,0.005707528911283505
euroc,V2_01_easy,0,control,none,0.0,0.9066238125157483,0.9407703051970667,0.018715183850800197,0.02187733724420034,0.0027863026080353717
euroc,V2_01_easy,0,multipath,multipath,3.0,10.134076208529768,9.678841555253792,1.1684301973922693,0.25668544408992444,0.009500965039432364
euroc,V2_01_easy,0,multipath,multipath,10.0,35.216835694572886,34.89843239783869,2.661538390436494,0.07162641018172604,0.005575346902014696
euroc,V2_01_easy,0,multipath,multipath,30.0,200.59422722253328,34.58745096002818,1.0074198505370944,0.26974599638969227,0.0005784805501406474
euroc,V2_01_easy,0,spoofing,ramp,0.5,0.9117266760462845,1.0431576055576508,0.019910348742580443,0.03438613631030101,0.0026856930915496796
euroc,V2_01_easy,0,spoofing,ramp,1.0,0.941249755602132,1.3902327098935743,0.033294209308756935,0.05960541429553189,0.0005485188247866277
euroc,V2_01_easy,0,spoofing,ramp,2.0,1.045206209106082,1.7449517822078118,0.05911234171689343,0.10718548397601199,0.012809633993561772
euroc,V2_01_easy,0,spoofing,ramp,5.0,4.040903102177361,12.373649360921203,0.4567731278582089,0.7407227945950189,0.03021392777898497
euroc,V2_01_easy,0,spoofing,step,10.0,5.928898803831184,17.858088178165687,0.6785620571463584,0.2767888920937534,0.01553562139569582
euroc,V2_01_easy,0,spoofing,step,50.0,143.65990247436488,116.39851062866055,3.6034544223708647,0.32600364034634594,0.01336835908189186
euroc,V2_01_easy,0,degradation,accel_bias,0.2,0.9316652387576618,1.4227155317175044,0.014701406594702031,0.2131410942510534,0.0033756810369296847
euroc,V2_01_easy,0,degradation,accel_bias,1.0,1.4148932750729848,4.8638062303003,0.07892276920389724,1.019035762550248,0.004078603124538994
euroc,V2_01_easy,0,degradation,gyro_bias,0.01,1.0886618967788924,5.677607752573036,0.033313114992139105,0.27745202112250794,0.005294119135405217
euroc,V2_01_easy,0,degradation,gyro_bias,0.05,116.61221489416035,154.1677201308646,19.536771004596456,0.1181272286093228,0.0028290072434798016
euroc,V2_01_easy,1,control,none,0.0,1.1177779997553585,0.6219413551128363,0.023427282369740947,0.12683720612592675,0.000825036088316081
euroc,V2_01_easy,1,multipath,multipath,3.0,7.3059193208344935,8.98164993888008,0.3975508976972104,0.16465497452213917,0.0010989889076196409
euroc,V2_01_easy,1,multipath,multipath,10.0,54.543237137126624,67.5762102431106,4.141312469477,0.05085900250337132,0.0031864643441018056
euroc,V2_01_easy,1,multipath,multipath,30.0,205.26441002433012,18.86927825740399,1.6797602908936609,0.2111698606898717,0.004540396855517831
euroc,V2_01_easy,1,spoofing,ramp,0.5,1.1392465860834384,0.3979599599961564,0.037357498603605044,0.13882410247611862,0.0013206790692526804
euroc,V2_01_easy,1,spoofing,ramp,1.0,1.1774263835307355,0.5622326907870395,0.0514372966300263,0.14679546951612707,0.00331294958048825
euroc,V2_01_easy,1,spoofing,ramp,2.0,1.2984448019930575,1.0949239356520677,0.07976418192879464,0.14165700775175274,0.007288185950058556
euroc,V2_01_easy,1,spoofing,ramp,5.0,17.520252652849326,64.63080549330044,3.594053615677814,0.14163651371800076,0.012420295352167437
euroc,V2_01_easy,1,spoofing,step,10.0,8.263038864853597,25.649394132556726,0.9391339612059799,0.20122463874826602,0.008101644347776276
euroc,V2_01_easy,1,spoofing,step,50.0,153.98916984065735,145.2357480723081,0.774952450955641,0.24412149607971836,0.008981529672706233
euroc,V2_01_easy,1,degradation,accel_bias,0.2,1.1475068441893146,1.1373822033748624,0.027116809970993055,0.30260481767360314,0.0006049482257726647
euroc,V2_01_easy,1,degradation,accel_bias,1.0,1.8966748941915925,6.817502710965683,0.09091922137305776,1.1374616736393035,0.0031935711572130456
euroc,V2_01_easy,1,degradation,gyro_bias,0.01,1.312832254738533,5.804788126608175,0.02051187376764332,0.336641378867294,0.006887398748114989
euroc,V2_01_easy,1,degradation,gyro_bias,0.05,120.38045024142899,157.97334433410933,20.3609524919817,0.1312775840861348,0.004468860505771167
euroc,V2_02_medium,0,control,none,0.0,0.9012696772987518,0.27071886506957415,0.018283447970954443,0.18855649729021295,0.002600503688192055
euroc,V2_02_medium,0,multipath,multipath,3.0,9.696198292603555,7.484515350156351,0.8909958428218338,0.21615256351738982,0.0058254308503639055
euroc,V2_02_medium,0,multipath,multipath,10.0,32.1518811846963,28.62340918692437,2.681045232021968,0.23766913936935835,0.003981699803831681
euroc,V2_02_medium,0,multipath,multipath,30.0,233.2235005450368,73.25085796291064,2.8629600232227195,0.21421544645965734,0.00204956861377407
euroc,V2_02_medium,0,spoofing,ramp,0.5,0.8990400446342511,0.6423583565045061,0.01602235501401843,0.19245429837829106,0.0017014799813882555
euroc,V2_02_medium,0,spoofing,ramp,1.0,0.9143653260431707,1.0244498910854456,0.01615072299351277,0.19806538378201533,0.0008901056769931682
euroc,V2_02_medium,0,spoofing,ramp,2.0,0.9959635529936118,1.7712251261257443,0.020701297320723153,0.21264629607385116,0.0017197455973666192
euroc,V2_02_medium,0,spoofing,ramp,5.0,1.6181250282681692,3.8664656058646485,0.05011368222728,0.2630723397640962,0.010769827474794151
euroc,V2_02_medium,0,spoofing,step,10.0,5.104931015661475,15.907297882355977,0.50292343985382,0.23561137217972944,0.007757161158223389
euroc,V2_02_medium,0,spoofing,step,50.0,124.37264598771723,95.77401794452786,4.464632828851097,0.2360788537631984,0.0033387931797497898
euroc,V2_02_medium,0,degradation,accel_bias,0.2,0.9175690211232651,0.8483628640450808,0.03582113335220278,0.363826695773004,0.002973838767427992
euroc,V2_02_medium,0,degradation,accel_bias,1.0,1.3229849673974938,3.7341078000844847,0.13409021588742992,1.1126748343967048,0.003911364606273459
euroc,V2_02_medium,0,degradation,gyro_bias,0.01,1.0763611317138784,6.350350586708386,0.024294640799166645,0.13731516755299025,0.008104635892749578
euroc,V2_02_medium,0,degradation,gyro_bias,0.05,109.08370117445747,143.92561056790103,15.47987423956645,0.464832538576985,0.010090782513019604
euroc,V2_02_medium,1,control,none,0.0,1.115144336108336,1.0982965253716788,0.022235228778189703,0.1098532310324683,0.001704401481139613
euroc,V2_02_medium,1,multipath,multipath,3.0,10.135618043113977,45.64749970394355,4.591568478509479,0.23354685886017829,0.0061144806776661795
euroc,V2_02_medium,1,multipath,multipath,10.0,50.276734954798236,61.52495733134571,3.8722525818827336,0.1974845306708862,0.0053731175051576685
euroc,V2_02_medium,1,multipath,multipath,30.0,189.37213021099453,15.484689486213641,1.7728803834047602,0.26231152986659756,0.002610088756569632
euroc,V2_02_medium,1,spoofing,ramp,0.5,1.1335850074647502,1.21906814180205,0.026975282005085425,0.10614605373464328,0.0009945016555612139
euroc,V2_02_medium,1,spoofing,ramp,1.0,1.1686390022804627,1.3921774361266015,0.031922119056626085,0.10495971009240433,0.0009970309146503326
euroc,V2_02_medium,1,spoofing,ramp,2.0,1.2879236862431018,1.816653478166288,0.042005137714226044,0.1095464967747959,0.002781306211429886
euroc,V2_02_medium,1,spoofing,ramp,5.0,14.853581860104539,58.95055557523476,2.6801450860214153,0.5167655150250619,0.006443457898137179
euroc,V2_02_medium,1,spoofing,step,10.0,7.355464178927952,25.107566790432905,0.8832178529945304,0.1784796546096785,0.0036347511722856322
euroc,V2_02_medium,1,spoofing,step,50.0,132.4576858620956,134.03389664979622,0.8960082247659505,0.5219951359194319,0.00676925234508185
euroc,V2_02_medium,1,degradation,accel_bias,0.2,1.131260492989532,1.3403701941050423,0.04191702113619567,0.263657267516599,0.0017367007423299788
euroc,V2_02_medium,1,degradation,accel_bias,1.0,1.6467175263830642,4.6766180634194825,0.15241257880613895,1.0154683061484235,0.001716578171588938
euroc,V2_02_medium,1,degradation,gyro_bias,0.01,1.2991507532962254,6.234796922169144,0.056920467021661016,0.12153496733922821,0.007406990905691638
euroc,V2_02_medium,1,degradation,gyro_bias,0.05,106.79730128612736,143.29986409894607,16.551354633120887,0.368765260238308,0.013189869622872977
euroc,V2_03_difficult,0,control,none,0.0,0.9203947033540776,1.7391578126228893,0.02806751500331632,0.16987726065134928,0.0029290043350811822
euroc,V2_03_difficult,0,multipath,multipath,3.0,9.32925521591755,21.79655372147838,0.6088516115629915,0.419096097809201,0.002450952783508574
euroc,V2_03_difficult,0,multipath,multipath,10.0,31.973109762050886,24.193024719520317,1.4962488412478234,0.171640307787199,0.003268922867939703
euroc,V2_03_difficult,0,multipath,multipath,30.0,130.59674931157278,32.817942954418555,2.0053412108119075,0.023158093772414193,0.00034776919603100116
euroc,V2_03_difficult,0,spoofing,ramp,0.5,0.9335895633514556,1.4702664110955355,0.04592846858367659,0.21428890401479028,0.0017621770968067854
euroc,V2_03_difficult,0,spoofing,ramp,1.0,0.9694201976395266,1.2984557297543733,0.06303143568627169,0.2572792604591682,0.0011012255118178816
euroc,V2_03_difficult,0,spoofing,ramp,2.0,1.098212728751075,1.24510188450554,0.09319084200701624,0.33381440236704263,0.004335563756765168
euroc,V2_03_difficult,0,spoofing,ramp,5.0,17.883139636799864,71.13927939006427,5.139740849893954,0.21444761235781826,0.004892939220259945
euroc,V2_03_difficult,0,spoofing,step,10.0,7.731104291980269,31.022531347989165,1.0150395278921278,0.26666145957978915,0.002038765545446576
euroc,V2_03_difficult,0,spoofing,step,50.0,130.12729465477952,149.24253499024906,2.1953030663595796,0.023158093772414193,0.00034776919603100116
euroc,V2_03_difficult,0,degradation,accel_bias,0.2,0.9410725785115232,2.474118674538359,0.03720857724006598,0.2611447964633287,0.0018388110159189557
euroc,V2_03_difficult,0,degradation,accel_bias,1.0,1.2735187169640205,5.690529149663147,0.0937571821300928,1.0436960151392944,0.0029151880424572755
euroc,V2_03_difficult,0,degradation,gyro_bias,0.01,0.9959431195621918,2.5810874907659405,0.02100805393468074,0.4312310407817175,0.004934455394939683
euroc,V2_03_difficult,0,degradation,gyro_bias,0.05,81.99789709507182,111.4401728339125,9.505597125200525,0.2777320597509144,0.003689418796464409
euroc,V2_03_difficult,1,control,none,0.0,1.1069609837502894,0.665960053598591,0.016159297730864407,0.04958068682515456,0.005114527387864274
euroc,V2_03_difficult,1,multipath,multipath,3.0,8.297288374211192,16.71133753634583,0.5593262363921095,0.07244360435713035,0.0010234735654805916
euroc,V2_03_difficult,1,multipath,multipath,10.0,47.191062037957444,61.89253968136177,2.9775706820416628,0.16168007507923063,0.001408407260152866
euroc,V2_03_difficult,1,multipath,multipath,30.0,231.07262013444654,51.56499363583301,2.2015786878462418,0.07891089413947981,0.0009334324734153592
euroc,V2_03_difficult,1,spoofing,ramp,0.5,1.1348258244712472,0.880987584465477,0.030810331011771244,0.07116058664534043,0.006211566069999345
euroc,V2_03_difficult,1,spoofing,ramp,1.0,1.1862853959215025,1.1701012460877123,0.04698502118631141,0.11190889520782524,0.007758121316886866
euroc,V2_03_difficult,1,spoofing,ramp,2.0,1.3520532624569839,1.7626161127762279,0.07678430720848813,0.1975751398053505,0.010974405112471983
euroc,V2_03_difficult,1,spoofing,ramp,5.0,15.165319864407474,65.38882887839654,4.297354986967798,0.11192108203983346,0.001748269145340896
euroc,V2_03_difficult,1,spoofing,step,10.0,6.840750093772098,21.424411470314073,0.7917803717281467,0.2083910868281311,0.019262148001453185
euroc,V2_03_difficult,1,spoofing,step,50.0,127.5170312220546,139.6692677962095,1.2783477311445826,0.04210314279691714,0.00035772123794475155
euroc,V2_03_difficult,1,degradation,accel_bias,0.2,1.131001138778424,1.254171897193732,0.026937026378718355,0.25650278793770354,0.004769044531983527
euroc,V2_03_difficult,1,degradation,accel_bias,1.0,1.5015959684328115,4.4860779695936115,0.09620398247935463,1.13358659809338,0.0033736023706329465
euroc,V2_03_difficult,1,degradation,gyro_bias,0.01,1.203856154277955,2.951195189565101,0.0423357783041351,0.4024746195873364,0.005581279376758485
euroc,V2_03_difficult,1,degradation,gyro_bias,0.05,79.70803047135344,111.44887521646669,8.644654314932215,0.6568993529414904,0.006000089025869978
tumvi,room1,0,control,none,0.0,0.9085557706735224,0.36158084503454424,0.01656873170600284,0.10797018677883406,0.002291589574680369
tumvi,room1,0,multipath,multipath,3.0,11.075817919661596,34.653130607349084,1.2596565547495238,0.037975107349289716,0.0013076456871372749
tumvi,room1,0,multipath,multipath,10.0,33.4435209579433,13.153202130499118,0.7807700260339697,0.13057685326881704,0.000902508121197136
tumvi,room1,0,multipath,multipath,30.0,219.4006802500685,23.056795428432935,2.058414305964543,0.00450273643826288,0.0006109516291090793
tumvi,room1,0,spoofing,ramp,0.5,0.9361508736524934,2.123351626447439,0.02472651929813913,0.13200562075010133,0.0013849878366136495
tumvi,room1,0,spoofing,ramp,1.0,1.0423685122880053,3.8462108583248824,0.05729388637512792,0.167153551818339,0.0016747533832623433
tumvi,room1,0,spoofing,ramp,2.0,1.450982594318554,6.889211154169198,0.11932114098722307,0.2549104588558697,0.0035630140153633943
tumvi,room1,0,spoofing,ramp,5.0,20.485712959239105,72.89601665819164,2.976581837657838,0.03263495971928604,0.004366875537969858
tumvi,room1,0,spoofing,step,10.0,7.831076616689205,17.097625503818207,0.6453869391720567,0.4275530687143332,0.0047029280399615596
tumvi,room1,0,spoofing,step,50.0,191.09771385828859,155.25828000962593,2.472232580672352,0.08033167958931628,0.006599433581249848
tumvi,room1,0,degradation,accel_bias,0.2,1.005518327078363,4.087618006834345,0.015568632765274048,0.15568078728858392,0.0035779617775097672
tumvi,room1,0,degradation,accel_bias,1.0,103.55069779057838,150.88810679964692,6.05426717756804,0.1629304558463359,0.0039295190356332735
tumvi,room1,0,degradation,gyro_bias,0.01,0.9211844103751967,1.9978819056686685,0.024939903919506373,0.08925430013741459,0.003460179365268203
tumvi,room1,0,degradation,gyro_bias,0.05,1.7572582026977857,10.710261241777808,0.16158912113561794,0.14681941091495188,0.006894908774683304
tumvi,room1,1,control,none,0.0,1.130401615176316,1.3893451065571336,0.020845317760929093,0.08582488445435422,0.007456962542480153
tumvi,room1,1,multipath,multipath,3.0,8.296721269067797,20.7894088558577,0.7390528483111884,0.041015172546364075,0.0023186379684548863
tumvi,room1,1,multipath,multipath,10.0,36.50780863482379,11.949570146738687,0.25730098234054943,0.04850775063412511,0.0028695277095910207
tumvi,room1,1,multipath,multipath,30.0,226.34350953351182,17.858945328308543,1.4768855672613468,0.009563170547066211,0.0002867466318335586
tumvi,room1,1,spoofing,ramp,0.5,1.1858241185735576,2.771804575940338,0.024118851968360836,0.11481408417819919,0.0058531770812945885
tumvi,room1,1,spoofing,ramp,1.0,1.3043098293355253,4.261166759377742,0.044318720234537395,0.15160517306374627,0.004653531925424655
tumvi,room1,1,spoofing,ramp,2.0,1.7433910594358304,7.300076432908113,0.08939731907668125,0.24021991324964673,0.0034745026511463265
tumvi,room1,1,spoofing,ramp,5.0,31.278757446362828,91.4407381829232,4.463579843306433,0.017169910444200433,0.000655160503374067
tumvi,room1,1,spoofing,step,10.0,9.140225443171554,22.237373340562524,0.8060291721552427,0.2789109913953416,0.003965594823339002
tumvi,room1,1,spoofing,step,50.0,194.51303113186304,171.42998798090406,1.3584339561796812,0.09806321183365212,0.003811187334862184
tumvi,room1,1,degradation,accel_bias,0.2,1.2273548324283892,4.336151300251415,0.03908026914581192,0.15505790258156396,0.008749821600087027
tumvi,room1,1,degradation,accel_bias,1.0,110.1875918784849,159.4506559458372,6.794246250964283,0.1000424018586099,0.0131655967224943
tumvi,room1,1,degradation,gyro_bias,0.01,1.1172021480590806,1.1440466656698118,0.016496927247873324,0.07146777544575737,0.008974413741294787
tumvi,room1,1,degradation,gyro_bias,0.05,1.7160737538199635,8.542951217206864,0.1416019399538909,0.1493349735963304,0.013519320388867585
tumvi,room2,0,control,none,0.0,0.9264861965382379,0.8313392923492978,0.0132491410485626,0.02915699867630641,0.0003949219862613434
tumvi,room2,0,multipath,multipath,3.0,8.536653115200101,32.93444371597505,0.8952623218521168,0.0895941732626289,0.0028099809196067884
tumvi,room2,0,multipath,multipath,10.0,37.020158084737595,8.093470823219468,0.5085131582123643,0.005912533302756774,0.00016380132524647964
tumvi,room2,0,multipath,multipath,30.0,333.12120796203004,32.8014581805397,1.107530327507214,0.005912533302756774,0.00016380132524647964
tumvi,room2,0,spoofing,ramp,0.5,0.975597848521791,0.6775320711475142,0.05844323030313897,0.04897779394273888,0.00045305727816888033
tumvi,room2,0,spoofing,ramp,1.0,1.163221221323451,0.8977441595394211,0.11560673982351241,0.09189604372244395,0.0010213923394229222
tumvi,room2,0,spoofing,ramp,2.0,1.9928199112787999,2.2950400955008514,0.23401043221202408,0.2394099338151807,0.004015251315055059
tumvi,room2,0,spoofing,ramp,5.0,155.3236353212794,206.51810074722073,4.98993231835312,0.024649503415199097,0.00019288567518515286
tumvi,room2,0,spoofing,step,10.0,15.738445857372126,55.83646390987613,0.43852547924741153,0.017829373391211694,0.0022573559550733767
tumvi,room2,0,spoofing,step,50.0,353.9248438314882,288.76047796362707,0.27463013063915925,0.005912533302756774,0.00016380132524647964
tumvi,room2,0,degradation,accel_bias,0.2,1.038622698971683,3.326009089833573,0.03976241515771328,0.15090859298739823,0.0013508839149608991
tumvi,room2,0,degradation,accel_bias,1.0,87.6755557398642,140.1355714099868,5.343668257015367,0.08830173890624805,0.0033115139213496453
tumvi,room2,0,degradation,gyro_bias,0.01,1.1684411762455373,6.638337492862969,0.009303248621731703,0.13342164048806357,0.007427797714686558
tumvi,room2,0,degradation,gyro_bias,0.05,166.4679445044927,179.9975845456595,4.647346473211847,0.11013248720507043,0.004736095520546951
tumvi,room2,1,control,none,0.0,1.162932047982087,1.2409412818988852,0.017639524053195476,0.02530004427417379,0.0003886973757198317
tumvi,room2,1,multipath,multipath,3.0,6.509668952660409,14.763704471426397,0.37768935524434283,0.021185368566198678,0.0001469931444639804
tumvi,room2,1,multipath,multipath,10.0,37.25102949058181,10.365442824303697,0.5580777089093312,0.010801626088635564,0.000589369627461658
tumvi,room2,1,multipath,multipath,30.0,329.16895774002853,22.1458922693604,1.0365832322454667,0.010801626088635564,0.000589369627461658
tumvi,room2,1,spoofing,ramp,0.5,1.2259469257282671,0.8789236570263161,0.06745065424208216,0.050364476909562805,0.00039802147956320585
tumvi,room2,1,spoofing,ramp,1.0,1.4395735731527848,0.17902529111283222,0.12770673917521214,0.09882742850877749,0.0009424656479070853
tumvi,room2,1,spoofing,ramp,2.0,12.985688648572888,58.4526131824567,0.9156000277924546,0.16104925319279317,0.0019684545294227735
tumvi,room2,1,spoofing,ramp,5.0,169.76688882981145,215.97866630655645,5.106761295700672,0.014136505273501722,0.00023155474196301688
tumvi,room2,1,spoofing,step,10.0,17.477830705134043,60.544697398837535,0.3577090061821547,0.03590650270283468,0.0022598688989515425
tumvi,room2,1,spoofing,step,50.0,362.09000025852976,293.35278679934777,0.3720948960292,0.010801626088635564,0.000589369627461658
tumvi,room2,1,degradation,accel_bias,0.2,1.2763503281305224,3.670292486766219,0.041290639709133874,0.16436453592066455,0.0010718431597732231
tumvi,room2,1,degradation,accel_bias,1.0,95.25954431244656,149.14881370724694,5.852139231988089,0.06667084179511246,0.001382948372474284
tumvi,room2,1,degradation,gyro_bias,0.01,1.425487063577963,7.612773110009626,0.02722766537282714,0.11416210618299373,0.007525979808273544
tumvi,room2,1,degradation,gyro_bias,0.05,172.34232586303926,184.5202272920186,4.926234218214441,0.12705984643259202,0.002201247847905426
tumvi,room3,0,control,none,0.0,0.9132774104908918,1.4184564053179303,0.01737117662165311,0.03021393694754457,0.0006423177679487026
tumvi,room3,0,multipath,multipath,3.0,8.91475367247716,19.046465221214305,0.5407487188080446,0.05561452682024119,0.0019278484582153149
tumvi,room3,0,multipath,multipath,10.0,43.975306713858025,17.03498421907518,0.6306862381071071,0.07775820263225851,0.001902938466893574
tumvi,room3,0,multipath,multipath,30.0,293.0835797874882,39.81192288090759,1.0369674325304061,0.0074791825679620845,0.0003419149560018992
tumvi,room3,0,spoofing,ramp,0.5,0.9513331699487799,0.9325043959622904,0.04928623712077302,0.058197925937701754,0.0004482978441416687
tumvi,room3,0,spoofing,ramp,1.0,1.1170224269013647,1.2753524812411778,0.1036649436599151,0.09825126181351194,0.0013295997097533107
tumvi,room3,0,spoofing,ramp,2.0,1.9478027642551783,3.7080590306823487,0.2264792172179761,0.21812233119935176,0.006976398254240876
tumvi,room3,0,spoofing,ramp,5.0,102.35225678279183,168.4100430645083,4.746203133403171,0.027841369862626145,0.0012356996184933605
tumvi,room3,0,spoofing,step,10.0,11.877942849353124,38.61154855491095,0.7792871707008403,0.07732344685310076,0.005403290695870793
tumvi,room3,0,spoofing,step,50.0,277.84890437862623,244.04492759905816,0.3806916121269181,0.0074791825679620845,0.0003419149560018992
tumvi,room3,0,degradation,accel_bias,0.2,0.9963268026809349,3.488383296352974,0.03222394054178124,0.13028037244547955,0.0016458700208296186
tumvi,room3,0,degradation,accel_bias,1.0,67.89525341498303,120.81645578738404,4.72721148388925,0.08057203244809061,0.004584206507105838
tumvi,room3,0,degradation,gyro_bias,0.01,1.0909892664847944,6.35803617663056,0.04001481122018758,0.13409083177506384,0.003980641817932365
tumvi,room3,0,degradation,gyro_bias,0.05,109.01696593062353,141.92166282097747,4.137664436140101,0.0509396205061474,0.003285271221736091
tumvi,room3,1,control,none,0.0,1.130351008888684,1.6954959084653674,0.018677633469955088,0.07350177852009288,0.003510349957826788
tumvi,room3,1,multipath,multipath,3.0,8.297709695326144,10.222348030814256,0.1719086794302649,0.08659527604981727,0.006340925318854176
tumvi,room3,1,multipath,multipath,10.0,33.83334652502946,17.52635173020675,0.8061689962268181,0.01274008948601397,0.000686358516473236
tumvi,room3,1,multipath,multipath,30.0,292.3986419039755,19.094000201517602,0.9579318739328598,0.01274008948601397,0.000686358516473236
tumvi,room3,1,spoofing,ramp,0.5,1.2152643377673011,0.16150429625583818,0.07730460962950922,0.09589771133173597,0.003531913791863974
tumvi,room3,1,spoofing,ramp,1.0,1.4741256421620352,2.1081091706693966,0.1383623862557437,0.1363457084208535,0.004942576429063911
tumvi,room3,1,spoofing,ramp,2.0,10.830782312956016,53.35292293210318,0.8299209476720505,0.1435633714347785,0.010092041039440168
tumvi,room3,1,spoofing,ramp,5.0,127.54725087526849,188.56249847187968,5.618352461217239,0.01501718327411117,0.00048251700568904176
tumvi,room3,1,spoofing,step,10.0,18.874308909544535,69.37019510042259,0.8512268017304608,0.01274008948601397,0.000686358516473236
tumvi,room3,1,spoofing,step,50.0,305.1922034436227,261.3454184511514,0.851226801730461,0.01274008948601397,0.000686358516473236
tumvi,room3,1,degradation,accel_bias,0.2,1.2155356677628477,3.892597305588208,0.039065637381896307,0.17684102013475286,0.0025635017631300224
tumvi,room3,1,degradation,accel_bias,1.0,64.01332595025131,118.59179621179295,4.572075501214898,0.09202198053353994,0.0038888490090369684
tumvi,room3,1,degradation,gyro_bias,0.01,1.2976163354421895,6.887743809135153,0.024937773486071662,0.1912261401137919,0.007377028475529921
tumvi,room3,1,degradation,gyro_bias,0.05,103.14579892505445,139.02531897276074,4.039006226212986,0.11086516518849913,0.0005937006213616997
tumvi,room4,0,control,none,0.0,0.8975313618244534,0.3762685220313621,0.01324105486392271,0.030995274270528516,0.00027913231943327006
tumvi,room4,0,multipath,multipath,3.0,8.615747325685765,24.18040087888251,0.8860092683925251,0.03505533497582774,0.0011003171373620015
tumvi,room4,0,multipath,multipath,10.0,33.532897888715404,13.02368893248712,0.2982677030138076,0.0908851211985605,0.0005749199247475902
tumvi,room4,0,multipath,multipath,30.0,223.28317144521498,27.17748209817103,1.1769483868636572,0.010286911704677581,0.00011908122955526373
tumvi,room4,0,spoofing,ramp,0.5,0.9217697968200222,0.6799947297998967,0.021159356043619786,0.041216393375027256,0.0011244009121043257
tumvi,room4,0,spoofing,ramp,1.0,1.0049602815038614,1.2454082738415952,0.04821059818418924,0.049834882139300714,0.0013207542887442303
tumvi,room4,0,spoofing,ramp,2.0,1.3288481929835467,2.12145371024169,0.09968377395886828,0.05659761536392928,0.0027572843336936955
tumvi,room4,0,spoofing,ramp,5.0,29.78791351139411,90.31046017862012,4.068774335840354,0.047927234771418706,0.0018804365109435918
tumvi,room4,0,spoofing,step,10.0,7.331150020493651,22.069822101603833,0.7294160498510256,0.08736566173743418,0.003990991812974105
tumvi,room4,0,spoofing,step,50.0,174.57562412498578,171.94553644730428,0.24364397579558728,0.010286911704677581,0.00011908122955526373
tumvi,room4,0,degradation,accel_bias,0.2,0.9754615325885685,3.2213059407812645,0.01621426355345198,0.147475414848117,0.0036238507020232673
tumvi,room4,0,degradation,accel_bias,1.0,69.40014463928965,115.92025105953721,4.348037168865975,0.17291170037061132,0.001884321505837725
tumvi,room4,0,degradation,gyro_bias,0.01,1.0107143268501197,4.339763050365912,0.012311551687161578,0.05744104964537102,0.012284939611992061
tumvi,room4,0,degradation,gyro_bias,0.05,141.16203790604754,161.06680906329305,9.30571681360239,0.11200470997795096,0.009949470052022522
tumvi,room4,1,control,none,0.0,1.1252728871214548,0.5348203435197395,0.0204749629499685,0.03557184027763876,0.0004394910761621009
tumvi,room4,1,multipath,multipath,3.0,6.011434560645541,14.147416498637046,0.5614329955399162,0.06376466343553205,0.0006989466479930457
tumvi,room4,1,multipath,multipath,10.0,37.236404575897524,11.016767761737354,0.2640522570038024,0.034514731813463075,0.0017178031033244696
tumvi,room4,1,multipath,multipath,30.0,236.87159263184483,13.221278007266204,0.4195869055179552,0.017469117195558874,0.0001367377473700668
tumvi,room4,1,spoofing,ramp,0.5,1.16738637152002,0.9377560148073888,0.03505952580664955,0.026161520849820354,0.0005567844251588133
tumvi,room4,1,spoofing,ramp,1.0,1.2597050406347687,1.3874188599217403,0.05663209247198018,0.01872676406950703,0.0009991072246588355
tumvi,room4,1,spoofing,ramp,2.0,1.620416967901158,1.9443379830169478,0.10350634914747588,0.011197195645810539,0.0017122212123429409
tumvi,room4,1,spoofing,ramp,5.0,47.70752332761348,115.82264271417642,5.339263937752328,0.01995296271112273,0.0006591828065173813
tumvi,room4,1,spoofing,step,10.0,9.984089711034144,28.272579207973457,0.9225304224832668,0.07635652261924986,0.0018449409560719835
tumvi,room4,1,spoofing,step,50.0,189.81056329665105,183.7929495753737,0.5953332794108517,0.017469117195558874,0.0001367377473700668
tumvi,room4,1,degradation,accel_bias,0.2,1.1921003101420333,3.551202493515146,0.03902266866777298,0.168460826423521,0.0039375656413976655
tumvi,room4,1,degradation,accel_bias,1.0,74.03298238422411,122.37181604479798,4.513764714356124,0.18453166229290585,0.004170089685460828
tumvi,room4,1,degradation,gyro_bias,0.01,1.1981267995954825,4.095509093840729,0.021394067676570983,0.10125206231896436,0.014471809913940658
tumvi,room4,1,degradation,gyro_bias,0.05,148.9333601849283,162.1081372655384,9.047158646986729,0.1988762255471031,0.009053449696772709
tumvi,room5,0,control,none,0.0,0.9496835574442932,1.4467285266912697,0.031239580847717704,0.24959622056520195,0.005790562552030179
tumvi,room5,0,multipath,multipath,3.0,6.203893666618833,9.603790792339883,0.6174086102858418,0.2353288254630236,0.003475438776283753
tumvi,room5,0,multipath,multipath,10.0,23.81968687264843,30.063507010200304,3.186547294298509,0.023990767055892225,0.00016965152236368016
tumvi,room5,0,multipath,multipath,30.0,185.41893039064118,35.295810704162946,3.6090794591301147,0.023990767055892225,0.00016965152236368016
tumvi,room5,0,spoofing,ramp,0.5,0.9577910297921827,2.8874064678144897,0.018212227151822618,0.23683662426215035,0.006261744848208303
tumvi,room5,0,spoofing,ramp,1.0,1.0403589166442357,4.894666560504525,0.03793240920656931,0.21969347375852458,0.00693049078663286
tumvi,room5,0,spoofing,ramp,2.0,1.4426974625069329,9.074666633564654,0.09298903355544769,0.1726129012951391,0.009617877910171026
tumvi,room5,0,spoofing,ramp,5.0,53.46198030661586,101.10400617634808,4.367256865833086,0.30806810752367497,0.0034678980224803315
tumvi,room5,0,spoofing,step,10.0,23.064115733274974,44.96383082503093,2.258608019592105,0.18664431755044755,0.003986154599747266
tumvi,room5,0,spoofing,step,50.0,165.94563925303467,73.70300333918958,4.568040549520005,0.09222696887663423,0.0008518881477897162
tumvi,room5,0,degradation,accel_bias,0.2,0.9846317327257825,3.1392008688470585,0.03172638189614041,0.2210384946513398,0.007055885976016678
tumvi,room5,0,degradation,accel_bias,1.0,53.29545381414649,107.47858003833343,4.072234582503707,0.1142641824988049,0.003699289754813199
tumvi,room5,0,degradation,gyro_bias,0.01,1.0426537941210887,5.203819365943399,0.02335068579038912,0.28161056146872054,0.012922946560612132
tumvi,room5,0,degradation,gyro_bias,0.05,136.10971165677924,155.2536210378565,5.8581691617534455,0.1226058924153717,0.007953261052043152
tumvi,room5,1,control,none,0.0,1.14553169928112,1.176024524553073,0.015116952882987755,0.1561116277168698,0.0016738645225076907
tumvi,room5,1,multipath,multipath,3.0,6.223504125680184,16.839537506590254,0.7172109933701212,0.07561490954538147,0.004678509387663812
tumvi,room5,1,multipath,multipath,10.0,32.55024341227365,15.423927679208983,0.30139632336351907,0.08058461328996355,0.002984795661853358
tumvi,room5,1,multipath,multipath,30.0,193.2428067015808,20.943071018545577,1.431004976167738,0.01806228537235449,0.0009746519293207173
tumvi,room5,1,spoofing,ramp,0.5,1.19359355201141,3.1977688836131586,0.016497507164672676,0.14666304013808748,0.0017362115880648502
tumvi,room5,1,spoofing,ramp,1.0,1.3021008048477731,5.074995138113855,0.04162249999054433,0.1331762364357609,0.0021990375059713543
tumvi,room5,1,spoofing,ramp,2.0,1.6879000400945072,8.476387283482591,0.09395030391255108,0.09924730655989832,0.0035375715133732694
tumvi,room5,1,spoofing,ramp,5.0,26.29252053529588,83.99173578417319,4.870000900773548,0.06854228854723769,0.006217596517632912
tumvi,room5,1,spoofing,step,10.0,7.376825515649904,13.689364184076524,0.745380242719477,0.06892625212934018,0.01053703207751635
tumvi,room5,1,spoofing,step,50.0,157.86680176084596,121.69773666300075,3.1907654261014846,0.15104463194961032,0.0011266255269435593
tumvi,room5,1,degradation,accel_bias,0.2,1.1847312289148928,3.8584716267517143,0.03143162489242609,0.1409223132077906,0.003080856710934247
tumvi,room5,1,degradation,accel_bias,1.0,54.595101723889066,111.0899165778361,4.228978839640444,0.10488517745756934,0.0018472296081466439
tumvi,room5,1,degradation,gyro_bias,0.01,1.2849808105618497,4.631306014633531,0.01593328592630915,0.20284938476771333,0.008850015776182506
tumvi,room5,1,degradation,gyro_bias,0.05,157.2074348594662,163.03045886862708,5.440695247399838,0.1863484224089435,0.004210497952038839
tumvi,room6,0,control,none,0.0,0.9372698563430587,1.7674187815599516,0.03698620053039095,0.14163152483110136,0.0024484467844231163
tumvi,room6,0,multipath,multipath,3.0,9.645886633624553,34.15092526129064,0.9146735302662871,0.1495884795181344,0.003448489725863588
tumvi,room6,0,multipath,multipath,10.0,52.76324280457869,32.566100871520206,1.0133046452875287,0.19636451660296086,0.0016023989627720742
tumvi,room6,0,multipath,multipath,30.0,193.47107447219568,39.26153636388503,2.7322969252098415,0.013742799510592022,0.00010547317850424426
tumvi,room6,0,spoofing,ramp,0.5,0.9316442634915254,2.506811528573726,0.020415804602823513,0.13298116975218643,0.0031258130340488994
tumvi,room6,0,spoofing,ramp,1.0,0.964667766012368,3.261429841348404,0.016456207238275698,0.12314825629139863,0.0039425648568347975
tumvi,room6,0,spoofing,ramp,2.0,1.136488695630126,4.7992659155366155,0.04358512424974162,0.10369605817144788,0.005751283445181037
tumvi,room6,0,spoofing,ramp,5.0,37.35529076931622,83.7093433669294,3.8324537244314,0.24529379193646042,0.008533022331785272
tumvi,room6,0,spoofing,step,10.0,15.594720673044426,33.311754557787985,2.2138445213780247,0.06502266345824996,0.004685936102886154
tumvi,room6,0,spoofing,step,50.0,151.2932077016937,94.39262869051345,4.234368208351737,0.13805447621405142,0.002807255459397027
tumvi,room6,0,degradation,accel_bias,0.2,1.029538134235257,3.5539561284984704,0.048045771538309724,0.1409335562682785,0.0022320054172360352
tumvi,room6,0,degradation,accel_bias,1.0,76.67058984882374,130.23239942995573,5.0644315462297715,0.1462023546661565,0.0014995419437930707
tumvi,room6,0,degradation,gyro_bias,0.01,1.2128657167259316,6.363552029790885,0.061182780462818734,0.10551053055601985,0.012211963449365926
tumvi,room6,0,degradation,gyro_bias,0.05,222.05982826375387,192.96777419220996,11.712706160065903,0.13376118765511855,0.005106389725789296
tumvi,room6,1,control,none,0.0,1.1306319140451688,0.7269262849893956,0.024416626864030424,0.10307526706309957,0.002720482603870981
tumvi,room6,1,multipath,multipath,3.0,6.545197871136138,13.516821793713515,0.6077503571028029,0.08649147324177779,0.001673039421273988
tumvi,room6,1,multipath,multipath,10.0,34.96484787872733,10.453937629751236,0.2511773563114971,0.07941806597860528,0.0005565166874744863
tumvi,room6,1,multipath,multipath,30.0,209.6562774157444,19.518092695974985,1.497638497696394,0.024874378204806133,0.00016747631464715933
tumvi,room6,1,spoofing,ramp,0.5,1.15885070214613,1.2663702511502986,0.024432712737563853,0.08892389004172019,0.0030012163201024564
tumvi,room6,1,spoofing,ramp,1.0,1.2226285988658916,1.8600567429374661,0.034387194910559,0.07470890845390386,0.0035346720855269844
tumvi,room6,1,spoofing,ramp,2.0,1.5405365622185367,3.248652613274337,0.06230132400927105,0.0527362903984729,0.00524653293802569
tumvi,room6,1,spoofing,ramp,5.0,17.31807770476461,68.03272379215028,3.125358498409186,0.051020063370308684,0.0008889381276087935
tumvi,room6,1,spoofing,step,10.0,7.442462681854511,18.534664423768753,0.6644573357187733,0.05634989658322257,0.004363697522787139
tumvi,room6,1,spoofing,step,50.0,150.4455070996562,134.83954476806855,2.3785130559987673,0.130744463361262,0.00637080784490768
tumvi,room6,1,degradation,accel_bias,0.2,1.2119592058479245,3.3882826840733173,0.05516671136679049,0.1920363513157213,0.0027920694117922577
tumvi,room6,1,degradation,accel_bias,1.0,84.23117205301315,139.8847358422159,5.631808060034936,0.17685772351768356,0.0025783318152049085
tumvi,room6,1,degradation,gyro_bias,0.01,1.5345327828822368,7.9128712664732355,0.03149057363457403,0.04546755194107837,0.011194317247162203
tumvi,room6,1,degradation,gyro_bias,0.05,248.988448669438,203.26268314890413,11.184587459134063,0.14491175463430006,0.005118158513233163
