case,scale,channel,n_seeds,ate_rmse_m_mean,ate_rmse_m_lo,ate_rmse_m_hi,nees_mean_mean,nees_mean_lo,nees_mean_hi,coverage_2sigma_pct_mean,coverage_2sigma_pct_lo,coverage_2sigma_pct_hi,claimed_sigma_p_m_mean,gnss_rejected_pct_mean,gnss_rejected_pct_lo,gnss_rejected_pct_hi,verdicts
gnss_only,0.25,both,5,45.1443292582374,26.635657828052224,62.87950319183633,72.14654062750375,48.3865459957916,99.71902186510032,10.831528078653557,3.712714547575404,17.950341609731712,7.198536601651038,94.43708609271523,92.05298013245032,96.82119205298014,overconfident=5
gnss_only,0.5,both,5,10.103351743795042,0.6964018886098209,19.689816862345666,25.803703553534035,18.9135989978358,32.28348610675728,23.676053991001503,11.091484752541243,37.19380103316114,2.2550434418605003,48.079470198675494,22.91390728476821,75.36423841059602,overconfident=5
gnss_only,0.7,both,5,0.5711771942443283,0.5341792767704652,0.6222112227064163,8.696474280927015,6.54398777929797,10.691351739276502,73.98766872187969,60.256623896017324,86.22229628395267,0.1865337678625397,4.370860927152318,3.7086092715231787,5.165562913907285,overconfident=5
gnss_only,0.8,both,5,0.5305303476687274,0.4996964452831058,0.5817071980008903,6.232478075905776,4.676770359403873,7.63837659258252,90.57823696050659,82.48958506915514,97.02382936177302,0.20658869097566254,1.1920529801324504,0.9271523178807947,1.3245033112582782,"mixed(bulk=overconfident, tail=underconfident)=1;overconfident=4"
gnss_only,0.9,both,5,0.520632300844058,0.4777905696329691,0.5732824511880648,4.845787860923883,3.6700212104008627,6.021554511446904,97.49375104149308,92.74787535410765,100.0,0.22814381426135505,0.13245033112582782,0.0,0.3973509933774835,"mixed(bulk=calibrated, tail=underconfident)=1;mixed(bulk=overconfident, tail=calibrated)=1;mixed(bulk=overconfident, tail=underconfident)=2;overconfident=1"
gnss_only,1.0,both,5,0.515641198647663,0.47421349429940723,0.5680959167402733,3.9137502124096857,2.9573334623173837,4.8701669625019886,99.46675554074321,98.40026662222964,100.0,0.2521574750067039,0.0,0.0,0.0,"mixed(bulk=calibrated, tail=underconfident)=1;mixed(bulk=overconfident, tail=underconfident)=2;overconfident=1;underconfident=1"
gnss_only,1.25,both,5,0.5064519325917114,0.4670909919984588,0.5579684049600055,2.4920915708040345,1.8748160694721523,3.143813311229802,100.0,100.0,100.0,0.31190655623493774,0.0,0.0,0.0,"mixed(bulk=overconfident, tail=underconfident)=1;underconfident=4"
gnss_only,2.0,both,5,0.497677050052431,0.4506559625313762,0.5602246894899885,0.9932478579913273,0.7396608381408113,1.3196632475654972,100.0,100.0,100.0,0.48852115330548224,0.0,0.0,0.0,underconfident=5
gnss_only,4.0,both,5,0.5475642447404883,0.48726153305079595,0.6203478584543465,0.3905691390852194,0.2798472174638077,0.5443915170207043,100.0,100.0,100.0,0.9202417574917108,0.0,0.0,0.0,underconfident=5
outage_control,0.25,both,5,35.37009107429412,15.845612332447141,58.092330109257524,48.58098643265884,30.54635569737398,68.63377562459127,39.266788868521914,14.640893184469254,63.84935844025996,6.940476716378582,87.89473684210527,82.10526315789473,93.6842105263158,overconfident=5
outage_control,0.5,both,5,21.023277088401834,12.6606696381908,31.96498037281509,17.75457775456596,12.67528824142605,24.50108213845445,29.38843526078987,10.62489585069155,51.68471921346442,2.6688054377937336,43.421052631578945,20.526315789473685,67.89473684210526,overconfident=5
outage_control,0.7,both,5,11.52843660483705,6.767169945529993,16.289703264144105,7.430777461868128,5.26689447973791,9.350692648613187,74.26428928511915,54.377603732711215,92.54124312614564,0.41981288556438273,3.4210526315789473,1.5789473684210527,5.263157894736842,overconfident=5
outage_control,0.8,both,5,11.321143405285301,6.689331600719475,15.95295520985113,6.008671622166215,3.9868850854375757,7.698775693911642,94.90751541409765,88.05532411264787,98.9335110814864,0.4633881386352514,0.7894736842105263,0.0,1.842105263157895,"mixed(bulk=underconfident, tail=calibrated)=1;overconfident=4"
outage_control,0.9,both,5,10.540802665565634,6.1969359269440725,14.884669404187196,4.573787310260873,3.0709170573879683,5.925660976101581,98.66355607398768,95.99066822196302,100.0,0.5115508417582444,0.0,0.0,0.0,"mixed(bulk=overconfident, tail=underconfident)=3;overconfident=1;underconfident=1"
outage_control,1.0,both,5,9.723838585910777,5.645069213211232,13.80260795861032,3.589627168585671,2.451105968583799,4.624023156588306,99.45009165139143,98.35027495417431,100.0,0.5667314705225474,0.0,0.0,0.0,"mixed(bulk=overconfident, tail=underconfident)=3;overconfident=1;underconfident=1"
outage_control,1.25,both,5,8.019773487672394,4.50731059438718,11.53223638095761,2.184264636972427,1.5011704454856247,2.941313961676327,100.0,100.0,100.0,0.7030230565724629,0.0,0.0,0.0,"mixed(bulk=overconfident, tail=underconfident)=1;underconfident=4"
outage_control,2.0,both,5,5.01618483551981,2.633541066182806,8.032052034328578,0.900433865466003,0.5384638283858691,1.280333345830392,100.0,100.0,100.0,0.9438692978730054,0.0,0.0,0.0,underconfident=5
outage_control,4.0,both,5,3.338887561904875,2.3843665689519558,4.754657035081668,0.4368418390458847,0.3009094994585154,0.597277680653766,100.0,100.0,100.0,1.7130609485405341,0.0,0.0,0.0,underconfident=5
