dataset,sequence,config,start_s,seed,rx,ry,rz,sxx,syy,szz,sxy,sxz,syz
euroc,MH_01_easy,default,15.0,0,-4.519472724335555,-20.391922637786518,1.4953304319164973,28.270784804900565,27.82605733234066,12.80913013801255,0.06457764294443026,0.7782502870306311,-0.2345566399102341
euroc,MH_01_easy,walk10,15.0,0,-11.778888074663111,-65.43424060684319,3.178819842068048,1998.7698308213376,2387.173525858748,449.3863660272084,-449.453286862037,147.96519622236823,-139.68894616433496
euroc,MH_01_easy,default,15.0,1,2.2485100748467293,-23.407218351539317,-2.595008078469541,29.349609872596808,27.873605749535685,12.812104525475787,-0.23548551605826892,0.7979259892972425,-0.3352701259137618
euroc,MH_01_easy,walk10,15.0,1,-16.59653759699802,28.624205721978537,-1.255332106552788,1906.9385501574086,1876.189637295225,439.0264832527782,-222.07584668283374,94.49542905820692,-55.2629678438205
euroc,MH_01_easy,default,15.0,2,8.689732805786186,-26.256066723894595,-5.065907161712304,29.43706245017452,27.939182673492656,12.811950684128842,0.35138798737949584,0.8185006338324691,-0.3010779155269658
euroc,MH_01_easy,walk10,15.0,2,20.744700183591128,-24.99715221590356,-12.883945340143802,2192.488861707805,2772.066689424174,446.0494217218015,775.7012373233363,111.38431408650962,-96.60470230466973
euroc,MH_01_easy,default,35.0,0,11.3260807995369,-30.10121857164133,1.5944180686980116,27.752173299705422,27.81352302245825,11.5871576353871,0.335801159077411,0.24181949133831837,-0.159007576284417
euroc,MH_01_easy,walk10,35.0,0,-2.0420265106405395,-5.873712108008107,9.78706804410815,982.8013912511657,1088.53670575471,412.1362576942821,-148.2183923325345,-11.746803832118802,-5.282887054400733
euroc,MH_01_easy,default,35.0,1,10.253812840100835,-29.908460847845316,0.03935481861281742,27.572163191755237,27.780358902486846,11.571870966403328,0.26629687240664934,0.23685562377193825,-0.16755662842767027
euroc,MH_01_easy,walk10,35.0,1,31.422156625894218,9.783622116451468,-10.16982754796001,905.8539959927265,1134.612485820064,411.7172971261882,74.33030104997353,-0.7990367927077185,-4.700907963765263
euroc,MH_01_easy,default,35.0,2,8.417245532709863,-30.598711279826972,2.9520633996861445,27.552558111787842,27.696120835156858,11.571768977697783,0.2182870685763365,0.22737405992012197,-0.16786653842743038
euroc,MH_01_easy,walk10,35.0,2,4.353981522670635,3.636638838062314,9.281821447020832,851.0478835188261,1107.234974448911,411.8638688263053,-22.65844386309728,-9.039578794249543,-2.0718967921793845
euroc,MH_01_easy,default,60.0,0,4.7003652500216155,23.519340150415665,2.983213432848175,31.388557543051235,28.41771715420853,11.518398585770846,1.4996393355353206,-0.14022856219022697,0.07997286154565658
euroc,MH_01_easy,walk10,60.0,0,5.956538496964841,9.71870243564828,1.1534972700394106,908.9343374147123,889.5862696134226,411.9928580662332,-13.98251861449992,5.925826370115647,6.254921883121115
euroc,MH_01_easy,default,60.0,1,5.9176703994924456,20.37864545894756,0.04221922675880496,31.53924548129399,28.222116783174354,11.546469032220982,1.0933870546527653,-0.14162988065792437,0.08253149703962814
euroc,MH_01_easy,walk10,60.0,1,0.05263943823690731,-9.276715931332705,11.814087582786032,948.0274168191328,985.4185048711552,411.66422418035955,-43.44669188589342,1.8616528715259513,1.0838896812846308
euroc,MH_01_easy,default,60.0,2,4.844596720089345,23.44902242280437,1.9432466162075182,31.51112509383248,28.165887720223985,11.517153668898573,1.124169019659683,-0.138239839375752,0.08795993199075841
euroc,MH_01_easy,walk10,60.0,2,-1.8016310013252115,13.428084565403864,11.066752815486101,904.3154013146184,920.8621689562043,411.92256280474385,7.327788062554823,0.6208773305197289,11.28829560603155
euroc,MH_01_easy,default,90.0,0,25.314233065343394,18.5696869510078,-1.0014980145802652,38.96007300694948,38.11427018990232,11.472979382694927,-0.02946172466605652,0.2974269029088025,0.4351911887886752
euroc,MH_01_easy,walk10,90.0,0,-20.68813971020405,-11.262554387389383,7.997419071834667,1237.876666423883,1241.0730796288497,409.68520087278296,-0.011268483652957947,-4.898769723366998,-6.47349356390801
euroc,MH_01_easy,default,90.0,1,34.597415560595316,23.87647494030461,-0.4922527476799654,39.02228600949824,38.07990908764216,11.47661608228434,-0.1171709510483668,0.3984891052996734,0.46012980156122496
euroc,MH_01_easy,walk10,90.0,1,5.787202453011196,1.928840608550452,6.295163709118681,1281.541561673359,1285.79183918812,409.613034608801,-2.081629456724843,3.368572968525846,-2.6812294846829023
euroc,MH_01_easy,default,90.0,2,36.45243559040362,22.76385848396936,-1.195464038944296,39.10558820667603,38.11510248874125,11.477323209262572,-0.08860103518254701,0.43989494369122273,0.4538881930928845
euroc,MH_01_easy,walk10,90.0,2,31.61042790247503,-16.544845896544963,8.000793696211813,1250.875635726683,1271.960873996583,409.94243724945613,-9.891835702796383,16.60504992296547,-9.341849019554411
euroc,MH_02_easy,default,15.0,0,-4.1830287706325855,4.1836776600045535,2.5129207613731306,27.523516975676493,27.395670700129486,12.661919886244307,-0.044895695984146264,0.09408022389933132,0.5184686956798632
euroc,MH_02_easy,walk10,15.0,0,18.028319991026287,-40.99010945381974,2.4731687168066774,4686.8220852305385,2329.9242676473123,407.1087649281879,1443.6295075902822,103.43405593240846,-19.37206893795186
euroc,MH_02_easy,default,15.0,1,5.917232482980771,0.4774405551903558,-1.5583303890803082,27.351329826611487,27.422014751958432,12.660807169823213,0.005663054295768608,0.17155607222599958,0.48457940377497916
euroc,MH_02_easy,walk10,15.0,1,17.018945934699513,16.28236371298056,-0.21150260741498816,2730.6524439924387,2684.218884517368,404.99481155022517,1132.082793083667,96.07436754111558,11.01266183332715
euroc,MH_02_easy,default,15.0,2,11.622497432718605,-2.237530205751062,-4.113078423559508,27.36521569134763,27.591116044209976,12.661060806065153,0.07905015002722693,0.16938895200231796,0.4983666035242669
euroc,MH_02_easy,walk10,15.0,2,54.61886324868544,-16.764648954861727,-13.103152997771605,1788.9069487235781,2001.2818592932913,408.6681863645721,285.5144044152675,101.6789699654005,3.8591781078980945
euroc,MH_02_easy,default,35.0,0,22.265217499476186,-26.12367233738382,1.5842206751652204,27.98748511773851,28.40913652993105,12.087297216318712,1.0783043437516304,0.5880245687239528,-0.385100903945809
euroc,MH_02_easy,walk10,35.0,0,-0.7803350640074129,-23.483572417318893,12.50098731189573,883.4794488536232,1237.043491622058,416.7987460247854,55.13813631025982,-16.651457752499475,-41.75897867107933
euroc,MH_02_easy,default,35.0,1,21.448893707319804,-26.745424699933093,-0.022269930385334202,27.807969051850968,28.211444385305178,12.073468164796905,0.9394107385382555,0.6013392763980561,-0.38998747977389564
euroc,MH_02_easy,walk10,35.0,1,39.447280373231,17.331563817412796,-8.437468421608779,928.1758773851742,1502.4738904168823,415.1717606326192,60.890218643501655,-3.259394351155761,-32.83443088215802
euroc,MH_02_easy,default,35.0,2,19.623186733080892,-27.396118166321752,3.128399025200239,27.79613055345149,28.00489513694311,12.071517273662407,0.8055142854987862,0.5790819100058643,-0.39769231680122397
euroc,MH_02_easy,walk10,35.0,2,-0.21500542294288338,-7.467701944514746,10.85172619205036,1008.0836913042581,1454.9882316797748,417.0152416587224,220.14713947943744,-22.981933280386773,-48.70726647476301
euroc,MH_02_easy,default,60.0,0,-10.00778582028341,12.28270654024697,0.7626750295692135,34.76711591729979,34.89301762620489,11.510202458694593,0.5581428223995788,-0.03071081799082051,0.173369706103118
euroc,MH_02_easy,walk10,60.0,0,11.476298438121548,5.0871417527224665,7.101377329910086,1447.6228280439116,1426.9892655687493,411.36694153142076,-35.05199033715657,2.410982075786599,7.300378050295435
euroc,MH_02_easy,default,60.0,1,-12.627222040893523,9.02559406501479,-2.8066888979852163,34.95506116682266,34.69756837202792,11.508791141374077,0.506466726798292,-0.05152936141028436,0.15368618370833415
euroc,MH_02_easy,walk10,60.0,1,-5.553689647696238,-0.9746680163223314,17.867957844681154,1448.2378934978112,1417.632497011177,411.468219386343,-58.869267112565126,-5.093440710208997,11.62734170966008
euroc,MH_02_easy,default,60.0,2,-11.683654963891293,12.280021229124252,-0.2887759380697108,35.15955875361602,34.643009245990534,11.509092898952582,0.5056027167585057,-0.04044627612218216,0.17728299494960856
euroc,MH_02_easy,walk10,60.0,2,-13.598066547495604,6.0627315846110825,16.744841827704338,1449.810878131482,1462.812513615798,411.4207222085023,-42.28287517971143,-6.518534212374685,9.133073520882455
euroc,MH_02_easy,default,90.0,0,-3.2948441818573797,9.160131392098004,-0.9867213080686892,38.748689895108484,38.92563416577788,11.521599024599107,0.04019166204055589,0.1251319939411788,0.5221970314909482
euroc,MH_02_easy,walk10,90.0,0,-29.386770626778382,17.37885382921934,7.183998903039358,1247.2905694433082,1294.9105682143377,412.9013596215387,69.35166245102582,-6.187371949987775,31.907973440587117
euroc,MH_02_easy,default,90.0,1,0.6702871027919497,13.29141144383301,-0.5826618963621492,38.66319908934343,38.822366982337805,11.522227580134368,0.038454613279413956,0.16399679717429294,0.5292875710102302
euroc,MH_02_easy,walk10,90.0,1,6.662758412130906,19.745962097440245,5.593434979907914,1291.4433944478742,1266.563274105403,412.71842588616846,35.50779508010624,8.711167054181388,29.33074730041292
euroc,MH_02_easy,default,90.0,2,2.3346097366247154,11.90240133177975,-1.2699470070070864,38.53611227920273,38.729125841164425,11.522582135899953,0.017885463763271978,0.17282970824183863,0.5286924993034323
euroc,MH_02_easy,walk10,90.0,2,22.54180615538534,-14.76584138843828,6.698046493969029,1245.489434349998,1280.3661366910471,412.2123714253917,26.994177105595682,8.685206737802492,17.55914099661475
euroc,MH_03_medium,default,15.0,0,-5.331272512402041,-18.147249836420432,3.2183794451310623,26.064493900211833,25.77150186172714,13.069797338495068,-0.04868827426370231,-0.11834137686966122,-0.0911515564990703
euroc,MH_03_medium,walk10,15.0,0,-46.80428218337549,-32.693426015358874,8.62264870650861,4764.3394286932,1616.770575255914,419.5982540834135,-413.4179160906548,-162.20859096795368,-8.043190094353433
euroc,MH_03_medium,default,15.0,1,2.8935413997762494,-20.935309245029064,-1.1374494658519674,27.171013533456453,25.91458300441317,13.06932066930587,-0.40312852293636003,-0.09066194965484178,-0.1014115186347035
euroc,MH_03_medium,walk10,15.0,1,-5.266583723574843,27.534326133846562,6.386113710318153,2458.2499072071632,1599.6228042540884,413.9485545618854,-44.52444145809774,-45.90289087345561,9.357543704903483
euroc,MH_03_medium,default,15.0,2,9.510421170053835,-23.954667373966885,-3.4206160028631007,27.17653746572385,25.83200550323035,13.069622233915489,0.18338962961327712,-0.08263706738120004,-0.09885224485393038
euroc,MH_03_medium,walk10,15.0,2,34.55387414395104,-7.269590026560705,-8.128861109612767,4149.349093601242,3002.9467397476506,413.1256961094291,1804.359651561341,-15.538427289987386,-24.31769585308677
euroc,MH_03_medium,default,35.0,0,4.9035739842083,5.977521181089882,0.9166933968753195,27.430175859452763,26.305474467058513,11.457881546784053,2.238896677022332,0.37525276019544995,-0.02588836150822962
euroc,MH_03_medium,walk10,35.0,0,-5.22772074689976,9.7681929654234,10.754190355130248,869.8720658932184,763.1026562993949,407.93430057243353,26.239925867940652,14.25693375326887,16.502717283690703
euroc,MH_03_medium,default,35.0,1,6.421310584396789,4.504567007698002,-0.7515187397049425,27.747347391922517,26.61166727646679,11.442906969185525,2.47081132763589,0.3665966430573293,-0.05091571467624665
euroc,MH_03_medium,walk10,35.0,1,26.221777256415645,-6.049127092329466,-10.428759516726833,781.5829732196364,728.2898174561527,407.5752157480731,-19.369836602318145,13.967180905235347,8.10110606816982
euroc,MH_03_medium,default,35.0,2,5.694208141645611,4.945220366443446,2.1898867267546023,27.281186519582178,26.839564922819374,11.4426891612924,2.4414315561230304,0.36967546347473573,-0.035714083858874895
euroc,MH_03_medium,walk10,35.0,2,9.448461767291167,-6.720962755952126,9.724989325549588,935.5843784464665,782.070764634777,407.7137501934345,-49.52343441539775,13.839552833727002,11.581060048989167
euroc,MH_03_medium,default,60.0,0,6.366557716476015,-9.560970040909643,2.0006581838066095,30.871208968846314,31.623985638848506,11.452287091050867,1.0595603182818498,0.20998194923388142,0.17578129135294307
euroc,MH_03_medium,walk10,60.0,0,25.065054259273158,13.110964509941564,6.91163521276412,1069.6979919247017,1285.1058728774344,409.7362090440116,22.127215476500925,8.73607073896775,40.44655222992321
euroc,MH_03_medium,default,60.0,1,0.9511979823144221,-16.964769274577428,-1.5810849195109422,31.077179319543802,31.765638326876413,11.450232712413351,1.32700809462634,0.196574598185531,0.11602141784319495
euroc,MH_03_medium,walk10,60.0,1,6.76195299448751,-39.8509893345506,16.41762577111498,1076.620927104462,1255.0815504095538,408.29550182648364,42.79865700138102,6.918964714958085,16.784605707229943
euroc,MH_03_medium,default,60.0,2,2.578216256205794,-9.887203715696593,0.9049299495329801,30.693421201185508,31.60691439706418,11.451058913318068,1.1141451252192702,0.20522882084251454,0.1753941156865357
euroc,MH_03_medium,walk10,60.0,2,-4.780939999817049,-9.654894734608941,15.704405422099693,1069.0306173630363,1225.4443551089569,408.94345800524724,17.491376278974727,1.1576644120821533,31.90426877005695
euroc,MH_03_medium,default,90.0,0,-3.979284557453509,11.330061533080091,1.884209173287312,25.769352153421405,26.211943437324035,11.437814001602966,0.3387351719213044,0.11086583809200001,-0.036943988191248056
euroc,MH_03_medium,walk10,90.0,0,-1.4361095152844054,2.7435863125540676,6.345813107115545,971.7259420746993,1000.9922697597269,407.46294645759843,23.732587824457887,-4.095895257630307,4.100529290523662
euroc,MH_03_medium,default,90.0,1,-3.6122874076584317,13.262338374105697,2.3625418194737176,25.74388832405842,26.00293783590414,11.437579789645145,0.32337316711876996,0.09207147429854301,-0.05240362250559883
euroc,MH_03_medium,walk10,90.0,1,0.7038335114671792,16.48619902789855,5.879377904645846,963.0162127167066,984.0376450668047,407.63321516284026,17.160856924125046,-7.037119487389076,7.035161796999432
euroc,MH_03_medium,default,90.0,2,-2.630311368868444,14.223703457391869,1.8327292816374816,25.721436709006525,25.995388623547058,11.437733569457203,0.28453696381934573,0.0988688079078306,-0.03801715071156274
euroc,MH_03_medium,walk10,90.0,2,8.481090713728236,22.673445955312157,8.30878717779382,945.8990130202598,958.7697524883882,407.7949002811599,9.962331815712918,-8.723707104983307,10.328884110015142
euroc,MH_04_difficult,default,15.0,0,-26.3333213027957,9.671970664309175,4.275421813757108,26.603491127349862,26.276295097628015,13.08559730241842,-0.09698209779234901,-0.09150371420994925,0.11319879825993509
euroc,MH_04_difficult,walk10,15.0,0,-93.3331570006385,-6.209713154237699,8.16374305201077,2113.4859356733323,1790.4688412017015,417.78076503365554,-113.0018680899982,-91.03411396078857,11.51003839145651
euroc,MH_04_difficult,default,15.0,1,-16.909122474490882,8.369300891176998,-0.10156595841532479,26.354577316916718,26.544013310745136,13.08467194669944,-0.13313210763433483,-0.045133820667201265,0.09630393896174229
euroc,MH_04_difficult,walk10,15.0,1,-16.565430469069934,47.076795474496066,5.824542020481816,5775.135317277252,1778.632159045584,413.94398358512905,-25.38944755306981,-17.788362483062272,38.327158530966315
euroc,MH_04_difficult,default,15.0,2,-11.216418275433783,5.5870081205333735,-2.5276116112362703,26.293034974001504,26.64614009020972,13.084854260569513,0.02026618219339622,-0.036578585350239015,0.1028937126828285
euroc,MH_04_difficult,walk10,15.0,2,30.78461482385978,-19.1089433548897,-9.056118163969876,3338.479928844525,2734.1167032170556,412.8852276260403,1245.7408888243342,15.502985973460403,-2.2958524074446105
euroc,MH_04_difficult,default,35.0,0,-0.5469212657950369,-3.760324690671158,-2.5051918921916183,23.348201173560827,24.7990265062253,11.529573772797894,1.8668176356661752,0.0625974274257936,0.17070660834921383
euroc,MH_04_difficult,walk10,35.0,0,-69.61450859480547,-22.790566289355723,10.644096895019755,1911.1984578706076,2158.789779089246,411.95628462499116,-85.08920221060771,-40.963513552617584,42.51337729141779
euroc,MH_04_difficult,default,35.0,1,3.322463218984778,0.498506550973838,-4.135221737154861,23.486839111765462,24.390866947382182,11.524209035813298,1.8077385054837578,0.07158016871768352,0.16462033902530845
euroc,MH_04_difficult,walk10,35.0,1,29.579052092837262,24.81710120157348,-8.669407210043344,1583.987701322227,1560.6162291187752,412.9259782982695,-12.8456468362428,34.42786601188152,50.16690181315981
euroc,MH_04_difficult,default,35.0,2,0.8207470232748584,-1.0700254322272902,-1.1784786256395,23.41100866339785,24.29766304167857,11.52372174161581,1.7393421717565138,0.060795726575577295,0.16507156900844747
euroc,MH_04_difficult,walk10,35.0,2,6.764468670200741,-10.171878325870338,9.780304242195655,1291.8065013019216,1241.5373694307746,410.3852640499023,-34.370101198456055,12.032145255258037,20.599282228736012
euroc,MH_04_difficult,default,60.0,0,19.578727843118603,-13.70496897370537,-0.03945312612700924,30.41925767462605,29.53580868573228,11.516681083357941,0.9127796152988575,0.6139151482646993,0.022604593496382608
euroc,MH_04_difficult,walk10,60.0,0,20.516605685629706,38.7536925291528,-2.458984358389647,1557.928466637951,1542.3680386004935,413.0781002713004,-42.212003169789284,39.68176282094483,38.562715923952
euroc,MH_04_difficult,default,60.0,1,15.57017425499906,-20.17447873765133,-2.9123541683937835,30.64510536053652,29.559828122888007,11.555580228536341,1.0401974919882333,0.5934637193719213,-0.0237658211546609
euroc,MH_04_difficult,walk10,60.0,1,31.94845067024104,-35.47258776265058,7.889721703444945,1492.8518709797988,1527.2871371521715,412.1040067077094,-18.551497158900347,43.63340245158508,-1.9824022975960645
euroc,MH_04_difficult,default,60.0,2,15.906890798094507,-16.638139036565097,-1.151592097558357,30.84762916002183,29.565727426343738,11.514391036957248,1.063372693898585,0.6013994020955135,-0.0032290212460224597
euroc,MH_04_difficult,walk10,60.0,2,-21.239714038199818,2.443391273695786,4.986123819233951,1531.2036988158738,1503.2743371792974,410.859763069663,-12.329019144821093,7.511470903159491,23.109166830447514
euroc,MH_05_difficult,default,15.0,0,-23.854894425577232,2.22259715026767,2.4595451218936235,26.608689394088298,26.034521127123107,13.091077601361706,-0.06934946531351718,0.004152367901699469,0.00013268066659305103
euroc,MH_05_difficult,walk10,15.0,0,-85.05169529208808,-6.772720378860235,5.53333744155681,3677.374689006482,1826.9196881553214,417.373510499311,365.654843890498,-116.84358361702199,-17.155411943475748
euroc,MH_05_difficult,default,15.0,1,-14.917297827303363,0.7912722316438137,-1.9386206714109804,26.2442616045909,26.276946037619137,13.091103575479089,-0.19493723974293775,0.04051073480391009,-0.02383927239777882
euroc,MH_05_difficult,walk10,15.0,1,-10.268400643457676,36.80158387276241,3.691605675756835,4286.8408957478805,1816.8359669865456,413.4014961183472,-366.89477664308,-5.367450337221587,25.700990822314072
euroc,MH_05_difficult,default,15.0,2,-9.116369044745312,-2.001188449862603,-4.333897609212179,26.07775819259577,26.380816252625582,13.091164747107875,-0.06549724060381988,0.05280803467620805,-0.01761336867994022
euroc,MH_05_difficult,walk10,15.0,2,25.869376530394124,-35.55132554492482,-10.769378452524473,1859.8630623957183,2644.3376842178686,414.0464746051035,279.5327296638394,10.032699104610678,-43.89454261024443
euroc,MH_05_difficult,default,35.0,0,4.573709520105113,15.830904327719315,3.3638066459476086,26.851408466628037,25.98742174376129,11.553524222204949,3.1222995488513385,0.05939021997088813,0.27805649160207324
euroc,MH_05_difficult,walk10,35.0,0,-17.431314481641238,13.661058737006725,13.311053679204447,1296.5028815186479,1793.3924886452592,412.4833258944887,-150.0024641724035,-5.8965333347984865,43.30342918037978
euroc,MH_05_difficult,default,35.0,1,11.576853656656425,19.727110253451123,1.757698427503874,27.15562251695852,25.16571855343012,11.548174395883894,2.7399988376602686,0.07952234979062633,0.26632309299829826
euroc,MH_05_difficult,walk10,35.0,1,48.50669436148711,22.230732999929185,-5.772058558003895,1485.004172725398,1657.6854260161117,414.38597086071013,41.85664122582818,45.12983591690824,41.17960843176022
euroc,MH_05_difficult,default,35.0,2,8.009582941741249,17.965626646104933,4.67461257395568,27.052373798492802,25.147111320073208,11.547516606684972,2.7017264285346707,0.06312306002271505,0.26524040765123336
euroc,MH_05_difficult,walk10,35.0,2,25.729119859448016,23.616498860820197,13.748359318733025,1213.4208846617496,1326.395156777699,412.94954392935705,-12.08218909458081,21.141539729887615,35.11103514682949
euroc,MH_05_difficult,default,60.0,0,-14.830794426476224,-0.4578418780782405,-3.075846483779535,24.58300193886076,24.30159617314616,11.518699764863866,-0.3805676462571941,0.08993324029519457,-0.0835201752528215
euroc,MH_05_difficult,walk10,60.0,0,-22.804001975718375,7.9898303424603,1.3081501290030602,1029.7186804018113,1041.24304093216,411.7535805996622,-16.407347520382032,7.836705439850606,3.6564236332819062
euroc,MH_05_difficult,default,60.0,1,-20.26449236016542,-4.233299515415271,-6.57300448393535,24.62547739214961,24.2324540849961,11.518011296813688,-0.3586703003643037,0.07208871786891886,-0.09521520379295903
euroc,MH_05_difficult,walk10,60.0,1,-5.86972641783203,-22.378283252868545,12.862389068998468,1057.7200895428525,1111.401600329042,412.0482338610102,-6.79082758401254,14.34069639766537,-11.422483420865335
euroc,MH_05_difficult,default,60.0,2,-19.194976793379993,-1.5589168932079938,-4.159185194878324,24.778044981291426,24.291546901969582,11.51780530572087,-0.41291723839094463,0.07777648673766238,-0.08882248703306905
euroc,MH_05_difficult,walk10,60.0,2,-26.123295127031398,12.120883963748465,10.9564414912584,1029.5730926410988,1040.9456150927963,411.6967344115958,-21.12789045797361,6.7870407222769025,5.16449235015141
euroc,V1_01_easy,default,15.0,0,-25.508229202280642,80.07546648063868,8.461894148589836,30.724644251673308,26.84741914493892,13.851920726692345,2.039733080918077,-0.2811505134363282,0.3641870553134413
euroc,V1_01_easy,walk10,15.0,0,83.04858720047149,-95.67242691664912,14.54671380875554,3972.511040876163,1702.5421619811689,434.73341991362076,-931.0481136464967,252.98755209901424,-119.91885860065653
euroc,V1_01_easy,default,15.0,1,0.3374802397304849,69.49053609658455,3.655333196795989,29.10687066494397,22.809153243981697,13.08670098514292,1.513087973494196,-0.1346848954462895,0.2832026030443957
euroc,V1_01_easy,walk10,15.0,1,4.763796864076205,-57.65433537511504,9.094301979759647,5095.4780760093045,1786.492026216435,419.1349232721697,1176.541893755686,-36.03678817732681,-92.96504100009844
euroc,V1_01_easy,default,15.0,2,-24.7527810142168,93.22207576083524,4.313177690666532,52.77652074055439,38.78833058808141,15.66535335386962,3.9361218283048722,-0.3673698082376654,0.7109361266882845
euroc,V1_01_easy,walk10,15.0,2,-64.63823306243916,-132.86007912483106,0.17285709856465517,2707.736388561233,1782.7581275838054,429.3140120332158,-547.9967542019901,-56.93062191097569,-123.7871259472427
euroc,V1_01_easy,default,35.0,0,24.555018944142486,196.243374354729,21.794338989102215,288.30452620685423,260.75973761268466,164.0987415286394,0.278985310400427,-0.7373465679125696,1.61337715462489
euroc,V1_01_easy,walk10,35.0,0,41.94856121175047,20.48624667906184,3.652734702691369,855.1699125713391,941.3975774263524,411.58594828455637,5.777691557222321,11.344614899278007,11.801679421903438
euroc,V1_01_easy,default,35.0,1,125.79895816649291,114.62319490232213,9.630477924342124,204.82456177937183,180.8842220222296,141.10727501173832,-7.585038905085758,0.5967443968718508,-0.17982526315851796
euroc,V1_01_easy,walk10,35.0,1,10.821732485939071,-35.378928595974706,-17.29448392246505,1329.8615216053956,867.6166962432354,411.3408551539336,-65.75902488129962,3.1568609715823364,-9.118954887611265
euroc,V1_01_easy,default,35.0,2,24.65360815884443,225.54666534320828,12.143702406754645,454.22149197620007,351.7380499565586,177.31255510193952,2.011090469030326,-0.5344326130246678,3.5183435016203544
euroc,V1_01_easy,walk10,35.0,2,36.36842678446097,-39.57037009215739,3.1662812949904455,874.7487324421746,939.4281529963918,411.81507993618345,21.71291445297465,16.590834953244787,-10.05593917948728
euroc,V1_01_easy,default,60.0,0,9.519087531198103,508.75934263103795,52.03258982408996,1960.1323376384994,1772.0274285104902,1199.6007733341141,31.74456698179596,-11.927569047225086,11.649088274107068
euroc,V1_01_easy,walk10,60.0,0,11.627226702703751,12.278913737978703,-0.577159236611521,777.777853565426,833.5810077939844,411.5305315033937,-7.249412953374837,1.1348663553148108,-0.6738151443265415
euroc,V1_01_easy,default,60.0,1,250.82846435653815,323.5482732280401,20.727352042014264,1508.9630631720993,1319.8594022649493,1081.0807304124214,-22.670624027579002,-3.22792887677376,1.6477482364623448
euroc,V1_01_easy,walk10,60.0,1,16.634426605986096,-17.310734792875696,10.363524766775363,787.3013570726264,794.4013016113058,411.65953230602923,12.324896347781552,3.1794886207727426,-6.607987451657606
euroc,V1_01_easy,default,60.0,2,15.177435190474592,583.0211879432636,25.695592906262043,2900.706846734294,2255.041129228774,1264.8063590909367,61.75192127782136,-10.904368415960239,23.04292238939813
euroc,V1_01_easy,walk10,60.0,2,-11.255188251042668,5.002468221048225,9.225925119453777,808.758219456875,808.6124383043435,411.5619058657495,36.0087484934106,-5.491469351797466,-1.0335553995997595
euroc,V1_01_easy,default,90.0,0,150.61660625201714,895.0435413151766,104.6765856977726,10876.77311249247,10299.064566463987,6281.550099788095,17.065250561698463,-23.244890389745585,19.89022171814014
euroc,V1_01_easy,walk10,90.0,0,6.290569307993408,20.587794554527367,5.211839771124138,1971.697722446274,1964.7447177342542,411.93289509747626,-7.991376055109446,17.04760361342162,16.03878136221271
euroc,V1_01_easy,default,90.0,1,615.8148939792403,519.9000859416552,48.09988800066699,9135.796223268331,8589.498839385089,5822.932317640464,-160.04325033367712,18.301562817363585,-29.937290185824395
euroc,V1_01_easy,walk10,90.0,1,71.32760132900695,19.61928354501047,5.281032195266558,1803.3321478479425,1848.8316630083946,414.03667142358444,0.4891211087273648,56.336040128031534,18.161781984831563
euroc,V1_01_easy,default,90.0,2,154.66874558126247,1030.5082442499083,57.93115743058768,14382.621921267824,12181.233901066338,6527.83136782364,56.475659311780156,-18.44846385425456,59.83351710948667
euroc,V1_01_easy,walk10,90.0,2,-10.984252623939945,-18.85998380796151,4.78980966703541,2392.027717025759,2350.9533309096314,411.87558074969684,-29.016701021256967,17.147814100218195,-16.67295506923568
euroc,V1_02_medium,default,15.0,0,-6.480908186223914,-4.952573841100271,0.7227004437386748,29.34576146125429,26.20823582874938,12.932700197280987,-0.9469422447351562,-0.0003944664975749558,-0.027069038954996988
euroc,V1_02_medium,walk10,15.0,0,-4.5757642289365705,10.110476741037282,2.638008325935594,1427.2584386803271,1547.7472725800676,407.57069603893336,31.236417711610358,-3.294465119814911,5.819733114748102
euroc,V1_02_medium,default,15.0,1,0.7316181914937991,-6.920556537255897,-3.717769053988448,28.07601828592236,26.015994911710287,12.932023511234432,-0.31976024645149126,0.023694804868952635,-0.05318255695780831
euroc,V1_02_medium,walk10,15.0,1,40.72192067931655,19.276941853434643,0.7412039779126411,1735.1843074662586,1775.6845411714166,407.6579289630482,-440.93932105417974,15.636055464189711,4.484091312089716
euroc,V1_02_medium,default,15.0,2,6.881324285363025,-9.470276751499027,-5.957975870192871,26.5775040967069,25.993471141630142,12.931938567950093,-0.04389311581686687,0.03699572036643659,-0.04761989402429121
euroc,V1_02_medium,walk10,15.0,2,-6.483103305049536,-58.4735606261426,-12.939715392583032,1953.3382707647286,1638.795435307702,408.12521005415635,-376.4403272129175,-8.060152363858416,-26.970679444565217
euroc,V1_02_medium,default,35.0,0,1.44669457531504,1.8707809490555576,2.691707326181583,12.93255497786537,12.918791455014222,11.542563242430493,-0.003565283387290282,0.11380892389857539,0.24109875258286145
euroc,V1_02_medium,walk10,35.0,0,13.28886418309354,4.360286834141689,8.540319404739325,203.7674286299857,199.29553295236343,411.36807084239325,5.96819832948202,-2.5599539961878044,-7.568635067696697
euroc,V1_02_medium,default,35.0,1,5.6542149195386004,2.707953006704411,1.1189674868946666,12.914287764609801,12.9297324085996,11.52710344145896,-0.004710264220456739,0.12529638206755708,0.23849976201956535
euroc,V1_02_medium,walk10,35.0,1,17.241324593921714,9.42589451678549,-12.097038928187121,203.75336220083824,203.19318875489122,411.2694622961293,8.025997165659986,-1.2382837797073325,-6.982522507005037
euroc,V1_02_medium,default,35.0,2,3.4623403519271987,2.9946122130508672,3.939670462506795,12.885875202364133,12.906419154412582,11.527710492533393,-0.0024932092856299153,0.12724560682264613,0.24010355141112583
euroc,V1_02_medium,walk10,35.0,2,-6.603972199619222,-4.401440819496672,7.9718983584381915,189.1559024474452,196.97034969567477,411.41133686982647,-0.04959663892973716,0.6209645350839572,-6.649190403113573
euroc,V1_03_difficult,default,15.0,0,-37.36735059176187,18.25149993523609,4.645348819039849,24.341104534270528,23.955911938638554,13.035283641240209,-1.7699544066115964,-0.12627849089556695,0.17351686183339984
euroc,V1_03_difficult,walk10,15.0,0,-35.07164212772279,22.039338324925023,6.190347887178373,1469.6732606598525,1398.9042519175516,412.8690217746654,2.6302321424521367,-8.055167152213356,44.56924292497465
euroc,V1_03_difficult,default,15.0,1,-29.590774906930612,18.008317018786485,0.13478828315051095,23.149295573639957,23.62237335067713,13.033589368157214,-0.940320214248638,-0.08583933095201635,0.1499749535973038
euroc,V1_03_difficult,walk10,15.0,1,10.01572420597798,34.14849285521369,4.324812095621229,1790.0749936524571,1452.0687947423412,413.4256968197699,-21.267168661971795,17.82747582179568,48.61414221769102
euroc,V1_03_difficult,default,15.0,2,-23.554681136124618,15.403007407402818,-2.1645644843786616,22.469968796627196,23.467719617960014,13.03262986914226,-0.23914838397190794,-0.07609082030651655,0.15360072378217732
euroc,V1_03_difficult,walk10,15.0,2,26.277142033214364,-7.883641650755985,-10.151269667555749,1590.233792596528,1367.8327093456712,412.4212837880377,50.74987256332801,9.294247921146816,35.136229668033295
euroc,V1_03_difficult,default,35.0,0,-26.88929376581035,-17.236532066672133,-0.7338271130353304,16.31795100102163,18.18658838010235,11.385576115480463,0.07492127898745157,0.07559397331477088,-0.08213634673842723
euroc,V1_03_difficult,walk10,35.0,0,-41.58935743938035,-19.10121053804664,10.727288222801672,616.7180928505074,587.2728135356866,399.50928989692056,22.313667872539067,-6.021178325919667,-10.028306147931895
euroc,V1_03_difficult,default,35.0,1,-27.250111541681335,-14.621730180537343,-2.402751119178872,16.29959075197052,18.09039297125676,11.32019048470697,0.15381919658321586,0.06387817689953025,-0.09534192876201397
euroc,V1_03_difficult,walk10,35.0,1,-1.602493165701559,-18.823163099098018,-9.644021211650148,596.3305510021546,578.6524081427683,399.33915940834447,-5.22793093890078,2.184252536564853,-8.96207504571425
euroc,V1_03_difficult,default,35.0,2,-28.465825290331733,-14.258150734982417,0.46973737758089884,16.25855038537383,17.84160342448285,11.320078534983038,0.143168581112719,0.06407194225819714,-0.09203682195590282
euroc,V1_03_difficult,walk10,35.0,2,14.290202427049138,-13.056005764388303,9.827482326791875,580.263529839577,584.1062036795488,399.37817415662585,-1.6694881446972962,4.198520283840652,-7.674935490199037
euroc,V1_03_difficult,default,60.0,0,23.311710065261018,-2.0435228712984648,1.990604446819134,25.342178615215534,24.85626151535448,11.04436024754313,0.22790692308956922,0.2112636958843092,-0.015851049571796505
euroc,V1_03_difficult,walk10,60.0,0,22.20256045734557,-9.173038384198115,2.4309935820042825,598.5700735686099,564.7838314115188,390.1439843946263,-1.9140550035041128,5.212761029952977,2.1171749883363957
euroc,V1_03_difficult,default,60.0,1,20.577459041079432,-9.989700221359179,-1.549317847485613,25.34739027199332,24.830691001625762,11.054622393718587,0.17159109658386984,0.18833376022389395,-0.05401723760359187
euroc,V1_03_difficult,walk10,60.0,1,22.32700070636158,-22.524988545991327,12.5622710726185,545.1978090021928,530.6262152704754,390.1645036824563,-0.8786911833089669,4.804289955370961,1.40002474544817
euroc,V1_03_difficult,default,60.0,2,19.81246239389489,-9.294673840552617,0.9133012236280356,25.501015475106755,24.811618756525533,11.042648979492217,0.2214811645098873,0.18804337590704537,-0.06330039122820263
euroc,V1_03_difficult,walk10,60.0,2,24.50793578612568,-24.228954410785597,11.99366667333991,539.3684220822583,525.9734187083286,390.1520316789157,18.51035344722942,3.072098638829445,1.2188873901235457
euroc,V2_01_easy,default,15.0,0,-7.636836085939464,4.6401027302015745,3.7992958545078555,28.580216205610522,29.251993837094112,13.080167204864116,0.14587883897177076,-0.12197160089762954,0.07020360232238688
euroc,V2_01_easy,walk10,15.0,0,-38.16362838687324,-12.832935643483106,0.09461615917839006,3825.21952744063,2023.5075081077496,413.98224658015033,-1119.6067919536279,-78.08210345743744,24.65470265429462
euroc,V2_01_easy,default,15.0,1,2.9588597880285437,2.5329508145500723,-0.5751807570406307,28.838689457713567,29.267910360950967,13.079428176426145,-0.424672462613742,-0.07635319415846362,0.06581719079957761
euroc,V2_01_easy,walk10,15.0,1,33.07438895812606,6.36874116291821,-1.4824765296101683,2201.0336625485807,1760.9741615378373,412.8736026243386,-327.5479854141591,31.97867928226206,5.204177399758693
euroc,V2_01_easy,default,15.0,2,8.111581041309439,-0.49466481891415626,-2.915983741915711,28.795737485355673,28.66080987656928,13.079092533838134,-0.09643868135296509,-0.07599098752598277,0.06668466199069041
euroc,V2_01_easy,walk10,15.0,2,64.98158429021093,-29.17196626084164,-14.988685515219533,2486.525039182427,1731.9340892630266,413.75843492970256,-189.39013173847022,55.48775276552081,-9.787279652275917
euroc,V2_01_easy,default,35.0,0,-4.832823619189501,7.408912994137511,3.653042518173088,25.456202623682703,25.57810176053713,11.55152127244178,-0.11106051842353355,-0.07150034479644349,0.04661197022804013
euroc,V2_01_easy,walk10,35.0,0,-9.47988130867381,6.208625584134136,5.788842708689216,862.6951300106044,955.8261693116384,411.1623198684129,31.63093918109686,-3.6712005912849532,0.7189316057339107
euroc,V2_01_easy,default,35.0,1,-0.9550806963386282,9.304039959512174,1.961219504424672,25.437245433117702,25.47765504377418,11.536170627036263,-0.05892131156109871,-0.05622813515027896,0.059434944742808596
euroc,V2_01_easy,walk10,35.0,1,32.23704859230595,-6.6632234342759045,-14.520784974028961,876.2075531786359,842.8357456194929,411.28868769813,-10.667215072273923,7.509465975899509,-1.7215587447928902
euroc,V2_01_easy,default,35.0,2,-3.072209379129498,8.398907700350838,4.855018511375917,25.417719443967325,25.480597707311517,11.53622533248874,-0.053682110650118076,-0.0659157100554671,0.054752101232962126
euroc,V2_01_easy,walk10,35.0,2,5.68107409740362,-16.25273905697996,5.1635829290932875,866.56880331777,1145.151659573145,411.200269853319,28.987801722128193,1.7971863530234946,-5.79139034077441
euroc,V2_01_easy,default,60.0,0,10.888133835949567,-21.26309874140436,2.2153178061833456,17.694724420481883,17.2858539801973,11.509669085826612,0.15779369058422876,-0.017949268394519224,-0.095059767403091
euroc,V2_01_easy,walk10,60.0,0,14.260936121515325,-27.576715864847813,6.4672247170923,906.9070524435642,815.4534656256375,411.41570976084523,1.0984131149270167,3.6715199007391246,-6.911148007454258
euroc,V2_01_easy,default,60.0,1,8.35611069586119,-26.06173686391919,-1.3360477486679743,17.677530714639204,17.32204368211024,11.508457511995122,0.17379912201683587,-0.026186936264380022,-0.09254163597471089
euroc,V2_01_easy,walk10,60.0,1,1.913660485213693,-37.11111264646006,17.275988591622784,1042.3181655485362,849.2750000226915,411.4338716312514,-122.06649820751406,2.1101907846566013,-8.360695698995256
euroc,V2_01_easy,default,60.0,2,8.869253110359283,-22.581124280288602,1.3996375593616945,17.473894230540356,17.30892724055691,11.526427680967902,0.1190909361780458,-0.023644294038381145,-0.08611435490928868
euroc,V2_01_easy,walk10,60.0,2,16.014738479375215,-22.88887489558235,16.23858620845393,813.5179523484125,845.3216330471381,411.3674586773817,-9.193762934002995,3.557684914698914,-4.772625901043596
euroc,V2_02_medium,default,15.0,0,10.28003485294941,16.80595820226113,4.605649517484722,28.295761322646715,27.316237884349064,12.925141771443291,0.26719672172289477,-0.016950751860016277,0.20743790133371645
euroc,V2_02_medium,walk10,15.0,0,-24.453849734039068,-18.082998499673625,4.134826292705374,707.9094842200669,1190.7341927200932,410.4605576138211,331.23979386965834,-6.4436958693335695,-8.308210150320239
euroc,V2_02_medium,default,15.0,1,22.54835715925872,14.002298249541997,0.2691272091443888,27.39153752570952,27.32125992144723,12.924819368268848,0.05176249703428416,0.031560887724341374,0.19208121733915487
euroc,V2_02_medium,walk10,15.0,1,20.333717243213204,39.06096086437325,3.105095952107434,621.900511661157,694.6798067273409,410.54985992304825,-10.705684532474006,-0.6472280933644646,10.757200529342944
euroc,V2_02_medium,default,15.0,2,27.168263406041465,10.965215445750367,-1.9873632529703404,27.49683926288306,27.430236582099063,12.924097734057222,-0.20789283450200854,0.029115480582391294,0.1961614514662357
euroc,V2_02_medium,walk10,15.0,2,62.426819789285204,-42.64815909996313,-9.62305996936303,1412.9745609273211,761.9418382910093,412.12295343540507,-364.9589488316766,43.013095745994,-11.840832264201184
euroc,V2_02_medium,default,35.0,0,1.5865421670059736,-26.62090833156004,-1.6011718115221556,22.169347227171745,23.400776406220682,11.436758593666935,0.5661511024533474,0.0679469158774334,-0.08271111757787282
euroc,V2_02_medium,walk10,35.0,0,-4.7691116077341835,-27.594791106115814,5.559915318089055,954.6529995618323,1089.78323932465,407.61626918766535,-23.120921107661207,11.379394812704762,4.187372893073309
euroc,V2_02_medium,default,35.0,1,2.6308081845565945,-30.033859780423704,-3.148609984989729,22.58269824698443,23.683287574833248,11.437012307669445,1.042094232975573,0.06786074976417146,-0.10572456008666778
euroc,V2_02_medium,walk10,35.0,1,42.513279990155084,-28.519818140954992,-13.465186762356465,940.6637692825254,1206.2953899106021,408.10169113879624,-26.94973753604908,22.45361803734527,-2.7771004964912156
euroc,V2_02_medium,default,35.0,2,1.0416213594264252,-29.791351937991575,-0.30584062390373035,22.476817946920185,23.86567345403489,11.436962039630536,1.0093679925313253,0.06078526467293054,-0.10483031491284511
euroc,V2_02_medium,walk10,35.0,2,-1.6025042617960037,-32.264580826899596,4.9657693278189345,1030.6188000594327,1013.1554225149257,407.82674569707814,60.48140675683265,16.31198532679742,-3.0461275722538788
euroc,V2_02_medium,default,60.0,0,17.240572532731925,13.375881812195372,3.775522689105594,13.425557648287123,13.911805861598692,11.445854784431951,-0.1077077583862465,0.053524774185322206,0.07373108423673311
euroc,V2_02_medium,walk10,60.0,0,12.279661432126936,9.263744085383829,3.2246443100565525,450.20280686934893,452.4881254727372,409.10915892286476,1.4807118214523853,4.452608209198042,3.031283030398742
euroc,V2_02_medium,default,60.0,1,18.144736362121726,6.79900535803374,0.8069612207992058,13.45834271921322,13.987365045952957,11.474812677136404,-0.05832059677083218,0.06277454180149908,0.06312274326041933
euroc,V2_02_medium,walk10,60.0,1,8.41385353861894,2.1198652862367555,13.853381457584142,463.9155860604254,463.2840341896003,409.08068280521496,0.22060804952107602,4.4153138255154,2.4739230940966035
euroc,V2_02_medium,default,60.0,2,17.980502387182224,11.205547304582973,2.7251528141132564,13.443410154145198,13.993978951475798,11.445918462529038,-0.1118081686385941,0.06429947104976055,0.0705600994800025
euroc,V2_02_medium,walk10,60.0,2,6.732698348273485,4.672066426390383,12.784244291861711,461.4197985398466,480.42688077146124,409.0949128039532,-1.3544609763474194,5.306932303631252,2.0851017722628913
euroc,V2_03_difficult,default,15.0,0,-19.460954896498002,29.86573705612085,5.722962056400673,29.4029435590256,29.32130889887629,12.849823504053592,-0.2280418493881041,-0.07666545844671452,0.022999239394133456
euroc,V2_03_difficult,walk10,15.0,0,12.833080033451651,18.932967777220824,5.60929807415596,803.412200952118,1473.4379623271707,403.74343221135877,8.02187613636358,4.288227073620702,10.637404144224428
euroc,V2_03_difficult,default,15.0,1,-9.585574083744216,25.42144347524103,1.3725267237016736,29.17992234098579,29.40897321332434,12.849618451675072,0.08220303888317229,-0.030296525640868058,0.0017345714087996
euroc,V2_03_difficult,walk10,15.0,1,-39.03056646329644,9.324002056594354,4.364448781067949,806.2936361246275,812.0251675907626,403.72032056764084,-0.07130724161943673,-5.1689541895973505,-1.0114788779099961
euroc,V2_03_difficult,default,15.0,2,-3.0206741737084326,23.747662485189245,-0.8672677394817789,29.115112212009908,30.243329120303166,12.849881039950056,0.09500242522825027,-0.01543372094832597,0.02428096014475028
euroc,V2_03_difficult,walk10,15.0,2,45.24315041626179,11.213720570344309,-9.220231263957801,1271.979767690445,1253.503417526185,403.6334120920999,-500.8478440010218,9.45679729031611,-5.4353832134554
euroc,V2_03_difficult,default,35.0,0,-2.599188549096468,-1.8161521882784197,-3.613538770081054,14.676221130568734,14.657813843879257,11.526905396087127,-0.003439916665853882,0.1617609072026487,0.027474874033550277
euroc,V2_03_difficult,walk10,35.0,0,37.186145698128904,-12.235829463732095,14.290836537506047,343.5589149984786,393.0273028594721,408.34660654036077,0.14551805927024408,3.0091970175989355,0.7575297543331658
euroc,V2_03_difficult,default,35.0,1,-1.1808368177414317,-3.4050482109700906,-5.093258575242026,14.761692664501018,14.683056739669317,11.48431092203474,-0.004343238320015881,0.16801303156622355,0.023192012427584854
euroc,V2_03_difficult,walk10,35.0,1,16.72836525726126,20.247535613458716,-6.83079735390745,355.7142964564144,390.8262679028631,408.1352150239852,3.336805994095193,2.1176870749345555,0.6330024382028326
euroc,V2_03_difficult,default,35.0,2,-2.4604930145016324,-4.000372941631055,-2.2349809984109505,14.748859105423138,14.670798697951179,11.484424405036878,0.036808381591149346,0.16753361751362952,0.022925146495430156
euroc,V2_03_difficult,walk10,35.0,2,20.24858551851732,1.142862656599505,13.132986607116731,355.1906125929363,496.3305460715521,408.2816481389284,-40.89896041815503,3.273006273599071,-0.9533241066078589
euroc,V2_03_difficult,default,60.0,0,9.993516450718277,13.76389688175988,3.058119296566403,11.629942880377001,10.469807843718787,11.294906742498084,-0.17130892274107293,-0.044896929619677825,-0.11102640201902679
euroc,V2_03_difficult,walk10,60.0,0,19.39399044590565,4.251599342529443,-0.28783319244353534,284.03965365311956,266.52715525177047,401.1874929719419,-7.742798882135144,-2.0954010322398533,-5.718736071117913
euroc,V2_03_difficult,default,60.0,1,10.94094653542449,9.833492043631786,0.029750819043015575,11.842213456133582,10.44435456969157,11.322592215856266,-0.20807100661391698,-0.042302631211787504,-0.10910733859580204
euroc,V2_03_difficult,walk10,60.0,1,14.759789123975398,-3.3893052914489603,10.57098726566668,308.2975724081351,265.5814812198731,401.2350775454759,-10.69096549632834,-1.4095978963270135,-6.131127142398408
euroc,V2_03_difficult,default,60.0,2,8.436304804343083,11.865177038248726,1.9605108672460985,11.633495111115742,10.38675611348316,11.293766613578368,-0.08231158947117839,-0.04141666880988907,-0.11155614846082654
euroc,V2_03_difficult,walk10,60.0,2,3.7735146993291035,0.5738319955697258,9.037247939908552,267.3874155289407,253.0472326418521,401.21723989936453,-1.4058691506566854,-1.4614234533420691,-5.7294292701319085
tumvi,room1,file,15.0,0,-2.6912781991677566,-36.07314167700778,11.177932764999817,756.7523367586202,982.045982447852,16.168968451644826,112.26948139280795,-0.1274364239065255,-14.2616300368835
tumvi,room1,allan,15.0,0,-2.705303700369765,-36.05331210533946,11.202277793968975,753.1370577616132,978.5192394622956,15.726255278773246,112.38373871983795,-0.13847598591610982,-14.215160065930027
tumvi,room1,file-walk10,15.0,0,-1.9295791725829663,-37.004539825267486,9.261243658726244,941.1854030061854,1163.6306136794233,53.157142923763615,109.44908423388335,0.5998118295909379,-16.338596744829278
tumvi,room1,file,15.0,1,3.571960890824898,34.79168284549156,-2.0139378382370454,711.1885297257529,1034.036480536349,16.29166207506786,-15.005589143254975,3.1354040481307375,17.801421344219065
tumvi,room1,allan,15.0,1,3.5601011975506744,34.785673145785815,-2.0184025856765677,707.5232148116263,1030.6044286515444,15.8478447822519,-14.947504372257601,3.12136530115855,17.727167448927837
tumvi,room1,file-walk10,15.0,1,4.005035908045966,35.05771567383723,-1.7993264262435122,895.2625572759284,1208.9264123981443,53.35053959459036,-16.18501241810604,3.9943604038449942,21.648140729996538
tumvi,room1,file,15.0,2,28.1696925228262,-39.80451237087797,-2.2824993754836544,903.7691679213572,1882.2626655922716,17.06378986534523,-459.9289551840255,22.243458177043273,-41.47723226656088
tumvi,room1,allan,15.0,2,28.15292471401674,-39.77609429609485,-2.2586277623954425,900.0574413124597,1878.7275841786982,16.61836596850003,-460.0119750020875,22.191039891236596,-41.37977665485361
tumvi,room1,file-walk10,15.0,2,29.82531634846861,-40.543841875968205,-4.261293553313196,1096.8747426380435,2075.0591800253,54.23279364583916,-463.4563898772762,25.665157326460896,-46.830478944651325
tumvi,room1,file,35.0,0,-17.46547906279942,9.77724664485995,3.8930665781574785,94.82885212236799,176.5402839554913,10.161968397231831,52.957933861357375,-19.781277380378434,-6.032496281028184
tumvi,room1,allan,35.0,0,-16.62347279450637,9.713405194167338,4.030418090816003,88.09118526151518,166.2127906155634,9.094900152470755,51.21089023770053,-19.642655792040042,-5.581302276293799
tumvi,room1,file-walk10,35.0,0,-23.746447778050932,6.111005149970421,5.932071542471057,293.91190317704303,408.4525367456851,61.76693338251988,68.33391728780305,-34.327669880874616,-12.682936498407907
tumvi,room1,file,35.0,1,-2.707576817391314,37.37160421634013,3.7759183188049557,122.38655492446986,158.06888688207732,10.249507336508792,63.70637763952725,-22.91843080937011,-2.927770017580704
tumvi,room1,allan,35.0,1,-1.6549080248526251,39.791113913554526,4.01265101739038,118.7848481337542,145.1778067877467,9.216724111743108,62.291455776757516,-22.98900742933506,-2.171217282730776
tumvi,room1,file-walk10,35.0,1,-8.074663334899542,11.903447640525075,-0.7081632659998829,271.9362893196443,430.1395019035925,61.554555513149545,41.70127875842155,-34.6115590673387,-10.278192633673523
tumvi,room1,file,35.0,2,-21.32613990619577,-12.77381186322869,4.532271065790976,72.27664623966113,177.7120604908295,10.997250270663866,-14.049735827672459,-16.216793209946243,-17.902263460929472
tumvi,room1,allan,35.0,2,-22.02825437481985,-12.860391004322187,4.601031917554906,66.49605867932873,169.622441321875,10.00383942846171,-13.423332185065727,-16.314371327525627,-17.78059360357906
tumvi,room1,file-walk10,35.0,2,-15.515848888238676,-11.026117852208298,3.9699052418813494,261.6910039954445,388.5847153369613,62.04066258712472,-18.936549087893134,-27.842231875725584,-25.90387456658174
tumvi,room1,file,60.0,0,-0.198128121760485,-0.9311508970644746,1.6885167526591018,10.312239116808811,6.427850877364557,2.903859302339033,-1.2170907941819316,-1.100353491191241,0.37046554154109684
tumvi,room1,allan,60.0,0,1.1821718765924838,-1.8494926866616486,0.3060150949268232,5.919052328937175,3.0740790323827873,0.8847361556222882,-1.3788519332626756,0.02358666663760229,-0.04517506156051598
tumvi,room1,file-walk10,60.0,0,-0.141744722731044,-2.0642853073045626,2.094852405715785,64.6753718527217,45.91195460245161,50.67258295665821,0.0959259203248789,-3.422527862905529,1.4359352886979173
tumvi,room1,file,60.0,1,9.862279616425065,-0.03169143949373754,-2.153413742757709,8.81422470432658,7.411894724970773,2.85242479187184,-1.7143567225645513,-0.8209175406828285,0.5613169932859817
tumvi,room1,allan,60.0,1,12.895566369296146,3.7325830730743608,-0.9966238157615415,4.934576800219563,3.6022927565539087,0.8952069698437802,-1.4329632137806614,0.08881448214119417,-0.11719491673050353
tumvi,room1,file-walk10,60.0,1,1.014596750137174,-5.741700755246421,0.5445912701455619,59.261015040040576,44.864569258152386,50.633755487683935,0.273715504001012,-3.1480767419733158,1.3646698834145785
tumvi,room1,file,60.0,2,-1.886934766517346,-2.5015920944086267,1.142946108012434,10.465477529149442,6.120143375582106,2.8572122220757583,0.347311944788177,-1.0414042391792135,0.052673724451478
tumvi,room1,allan,60.0,2,1.4840008517734786,-2.1476047928924507,-1.218804383767114,6.643843691040582,2.5640365794801427,0.8832145588747381,-0.3888577234143029,-0.04492834311343215,-0.023853016104674208
tumvi,room1,file-walk10,60.0,2,-6.517136624177695,-3.0207627245415813,5.3129733998486,61.41216271876378,46.796859426596036,50.65280704823454,4.393324071937826,-3.4723241951255366,0.79741217092442
tumvi,room1,file,90.0,0,-3.220605212357432,0.2671227482917268,-0.32105343042325574,14.283258356600818,12.650872834336608,2.573931835902268,0.46610406840138857,0.14229897272112596,-0.011508503202790954
tumvi,room1,allan,90.0,0,0.5279026583227961,0.15857413044756663,-0.5972055955112767,4.14069812194743,3.5809042102770565,0.883871058680892,0.4226303272982806,-0.13253685261284384,0.15315721815662567
tumvi,room1,file-walk10,90.0,0,-19.5579367902491,-3.540165575017862,0.3554008367905819,227.700713127922,208.57008944295245,51.6168030013871,5.72116523458167,1.3139015904750435,-0.13939384506610755
tumvi,room1,file,90.0,1,7.305649241476775,3.56086240387413,-0.7279547190108937,14.085775274808428,12.504997751061268,2.5742476079829903,0.5138085565325716,0.16310436364533082,0.010125325314061646
tumvi,room1,allan,90.0,1,12.082349905098464,0.034991979596688205,-0.5504058884099847,3.698101486838312,3.4171790484729714,0.8809531905097508,0.239523625504521,-0.08921658773137235,0.1321190503242555
tumvi,room1,file-walk10,90.0,1,-5.3224179956179345,18.00677932574076,3.7901050813555504,225.01051684870856,210.18783718512213,51.64701138372272,4.2093941346304,2.0764689337548954,1.0885667231559564
tumvi,room1,file,90.0,2,-2.0199112538916895,4.864523429504956,1.1458344540207994,14.09457807668491,12.745547254369365,2.5737648184285966,0.5509383828779627,0.14281025744882142,0.0007109851942180176
tumvi,room1,allan,90.0,2,-1.3334199474154342,3.407843547614955,2.88923925716126,3.972206637717095,3.832507769282376,0.8807159665465848,0.5618408709898776,-0.08840606515562832,0.16116893518687295
tumvi,room1,file-walk10,90.0,2,7.7202249265955025,8.768794267367664,-0.3935032427393459,226.4469682223809,217.5222609805815,51.670038936085255,1.3135959111860316,3.106219480308753,0.5383259605881344
tumvi,room2,file,15.0,0,3.439274104139452,-9.870002694726935,12.739804976047635,1575.1180366828073,655.8111164011535,18.22702557403215,292.8477475595952,15.537028727035647,-7.520777361360037
tumvi,room2,allan,15.0,0,3.4298639162309774,-9.852167207905113,12.76532692822609,1572.36959753071,653.0835727652814,17.787880324378353,292.8947048684012,15.490186899599692,-7.435885862998625
tumvi,room2,file-walk10,15.0,0,3.555756050936061,-10.709403304496014,10.720716713242702,1712.697873197709,783.3018546218358,55.22009326038894,287.7322811942991,19.43213585938389,-14.528917026204473
tumvi,room2,file,15.0,1,34.91062991553641,29.1053555289682,0.743296035123358,1469.8179965007491,1286.442196667955,19.65195097372008,794.4628886716274,50.38927704454596,32.13117227113992
tumvi,room2,allan,15.0,1,34.90143131192154,29.104428656448643,0.7400051769727392,1467.2280274480374,1283.553004939713,19.212730769732417,794.4555591355785,50.297345497679395,32.148799087247596
tumvi,room2,file-walk10,15.0,1,35.01799486049344,28.676920716854614,0.8486622181122245,1599.7370777388055,1409.2123041481505,56.552314952156216,791.6551507171739,56.35010007211903,27.800106986159584
tumvi,room2,file,15.0,2,26.341286694191474,-64.11652844838272,0.07807647413334601,2198.9645322548336,1470.0692650906826,19.271967702192985,1224.6248424007044,-10.06212799612785,-36.73474067742925
tumvi,room2,allan,15.0,2,26.334212300095267,-64.10059311386962,0.10277866116517631,2196.0987705173625,1467.7793624379506,18.82632662034062,1224.8743819004155,-10.107237189876152,-36.59181922556937
tumvi,room2,file-walk10,15.0,2,27.12197413793919,-64.96523878777786,-1.970850407699329,2340.3942915788034,1586.572712046226,56.75785165063717,1220.5800330277716,-6.305332555940534,-46.13738817266695
tumvi,room2,file,35.0,0,3.430549491446408,6.287897709109554,-2.6746395829649794,17.59704798074475,15.57263985443696,2.8917751363593327,-0.4133801583373153,0.9164941670192124,-0.43093283597990567
tumvi,room2,allan,35.0,0,3.4863542021258755,6.447545346560132,-2.8856621159584135,16.202176452452004,14.133788177476587,1.6315708674931337,-0.45465056208873117,0.8632794152619137,-0.6483868803830877
tumvi,room2,file-walk10,35.0,0,2.6470149385705337,3.8618037675797083,3.0615235091998825,28.36000791071664,25.794759672862117,53.9937123790961,0.9253018477337036,0.07955232259118118,0.41209815134640315
tumvi,room2,file,35.0,1,3.1206977185785334,3.8593139814698487,-2.8327825606167654,16.944478736594768,15.486664881896207,2.892253703079184,0.5944761895323665,0.8884707549102877,-0.21930127147652975
tumvi,room2,allan,35.0,1,2.9195717175266775,3.857695340239051,-2.8500713958590875,15.570188117698333,14.050068214016504,1.6315057621351654,0.5749458716959092,0.8672346994849467,-0.4439520899878719
tumvi,room2,file-walk10,35.0,1,4.732028656904757,4.390452056586401,-3.906193477904366,27.669478991949525,26.043029613696564,53.98639636731823,1.4082759086286079,-0.02291894809202524,0.4591122499013609
tumvi,room2,file,35.0,2,7.421612503565712,2.1462442518148865,-0.636419715263632,16.96379649995888,15.502834926313785,2.9247337029851623,-0.596205942961376,1.0261541526491462,-0.42795218438068083
tumvi,room2,allan,35.0,2,7.487775025642514,2.0423125909076267,-0.9284229457206483,15.547901752576049,14.004877712192412,1.674662338817228,-0.6111793710527637,1.0334435415835466,-0.6595301921778478
tumvi,room2,file-walk10,35.0,2,5.886119743589809,1.5607016763234807,2.155166375131008,29.183647810597083,26.10702634817101,53.98667812158859,0.19271753136718475,0.06477406679121586,0.38939277536282957
tumvi,room2,file,60.0,0,-0.7675055732602936,-1.794595064280269,0.745706194430757,5.367665281036343,5.747375748614969,2.7285215217337404,0.2498348123692983,-0.012548407719358147,-0.03170255144244464
tumvi,room2,allan,60.0,0,-0.4090640038965839,-1.845848513840742,-1.7368967624179588,2.829566367446364,3.15046523726559,0.9044433742773177,0.5490446929721584,-0.01243612411614747,0.0023485536369420882
tumvi,room2,file-walk10,60.0,0,-0.2580507315719718,-1.516814203969467,1.8084169288183471,16.575783733189017,17.067688615911184,54.558469134381795,0.20786510538104638,0.005110249956309039,-0.1522863841797555
tumvi,room2,file,60.0,1,-0.8204977782312199,-4.61478348995626,-2.2740136933715966,5.329230457946849,5.814832001058619,2.7201264014503086,0.2122172633431305,0.001201677095113773,-0.0312659625789339
tumvi,room2,allan,60.0,1,-0.6926666492207249,-3.969934271186649,-2.948331313971674,2.727634932261527,3.3189050237245654,0.9007523591765003,0.5173903878058426,-0.017393733087961362,-0.002843122766114598
tumvi,room2,file-walk10,60.0,1,-0.6322815129046672,-4.945737260768407,0.6669864008411511,16.249229801807026,16.714352807851213,54.52339744717621,0.13948802841918187,-0.0081118705643027,-0.19635514167094636
tumvi,room2,file,60.0,2,0.25408520219686515,-0.18554440268670835,-1.5341014395980868,5.417982597244698,5.754095297020745,2.741551890478756,0.2839795218876072,-0.002831583156642003,-0.0886636339993755
tumvi,room2,allan,60.0,2,1.081568493049362,0.6707787391763367,-3.3182034497311546,2.8913276203886618,3.196065659815277,0.920569441284755,0.5749853153979135,-0.010626327865620514,-0.0404554235198666
tumvi,room2,file-walk10,60.0,2,-1.0033004943370623,-1.9249313313265666,2.697129304920986,16.362178488898856,16.540446919809234,54.508783092859936,0.18550285872302516,0.15074654032313992,-0.32757213313096634
tumvi,room2,file,90.0,0,-0.39229894487556205,-1.859393493928125,-1.337313750920098,5.3312485927692865,5.329341684914072,2.7142320060254392,0.01955041256801313,-0.051072200856448986,0.00248743123500113
tumvi,room2,allan,90.0,0,-0.20143779053689803,-3.6569639091405435,-2.0713985325064534,2.51945925253795,2.474640272182995,0.8859655104182647,0.021621481233305526,-0.0013391833540102411,-0.04956011307709987
tumvi,room2,file-walk10,90.0,0,-4.4546223170002115,-2.419869377690286,-0.758667510977467,19.194290818771343,20.13607451241255,54.07408886476693,0.8080452878719694,-0.09747797228039683,0.4476892376167518
tumvi,room2,file,90.0,1,-1.3704246732718919,2.236937138725277,-1.6271668406818838,5.349570012772672,5.359544537758506,2.712210224853508,0.012652286215334317,-0.05200962708931375,0.0021379168165562286
tumvi,room2,allan,90.0,1,-1.0322431546282904,1.2104426787550588,-2.2463639692156567,2.499315499572985,2.485436875641055,0.8814238675137724,-0.0007373188085410707,-0.008915298499410588,-0.04529900161783493
tumvi,room2,file-walk10,90.0,1,-2.4844306420686957,1.746819820269904,3.0728283926687743,19.729493907384157,20.85901059417478,54.075033125747105,0.4458777237926203,-0.12657646194704456,0.45268080621308565
tumvi,room2,file,90.0,2,-1.652137057733278,0.8458239171467143,0.2767771859464061,5.400859792118414,5.335882825098235,2.7175138573647026,-0.0011961888694695555,-0.06910114143151452,0.006040206442757447
tumvi,room2,allan,90.0,2,-1.6122611306426826,-0.7056388016491599,0.6447240588341514,2.5735837411347244,2.4801901222976825,0.9001974869816001,0.011487683181263687,0.025348290463711582,-0.07075406674999749
tumvi,room2,file-walk10,90.0,2,-0.5277898244091811,0.749253334707827,-1.3589742902670379,19.218744395441938,19.313427010494934,54.07961904917194,0.20064801398418597,-0.1452125838719642,0.5138973273115406
tumvi,room3,file,15.0,0,-25.093745403015152,0.7222648129369751,11.232480642367838,676.3374671844648,669.7960639477019,16.309655646344,-53.87199862609869,-7.343016304789716,-2.044682291743877
tumvi,room3,allan,15.0,0,-25.10011573365022,0.7315379600311593,11.2571488303291,673.2562420143075,666.6993334249055,15.860325869740372,-53.85832391452874,-7.275483957345693,-2.0672238025544365
tumvi,room3,file-walk10,15.0,0,-25.075263397248428,0.36165951230043597,9.126271506544974,821.9497536719997,821.0102914947822,54.43026705342489,-55.538311334101124,-12.154975278377412,-0.47156568445264113
tumvi,room3,file,15.0,1,9.842885889775253,30.653241946972194,-2.2203826187669367,799.2948545438926,597.696568505944,16.25568464837331,-12.539086972975683,2.638420166796982,5.042280226667022
tumvi,room3,allan,15.0,1,9.839303198537662,30.648894343984217,-2.2197906304257837,796.2785205508948,594.6817514553063,15.807051641210373,-12.483340042261387,2.6689021686386387,5.004011225160083
tumvi,room3,file-walk10,15.0,1,9.77761855053501,30.614723707179145,-2.5617993943417345,940.2288398458545,742.7510521543138,54.30370215430977,-17.95858013374711,-0.46065711531455245,6.443734879538976
tumvi,room3,file,15.0,2,28.8223030835233,23.018753364284258,-3.5028764891865594,722.4250794741023,1227.6333331859032,16.523428748076057,183.71119513592333,9.081150928212708,17.110295887337667
tumvi,room3,allan,15.0,2,28.81977174838096,23.023420293540365,-3.476736854397009,719.3188905329814,1224.9780228696989,16.073997402144688,183.96505445349212,9.098501474617123,17.050518549501817
tumvi,room3,file-walk10,15.0,2,29.50344061379738,22.80396130272973,-5.847392141542533,869.417947537918,1368.3946087728361,54.63353336992243,166.84261273003636,6.349171125117785,20.70516997582162
tumvi,room3,file,35.0,0,8.50841588464753,-3.2078419961447486,0.3495883572804237,33.77718658275622,28.083689268802896,3.453378543036057,1.5213073081252273,-0.017617250178277134,3.4483617031208174
tumvi,room3,allan,35.0,0,8.696596403573746,-2.9675880616208974,0.08966831225104355,32.3972703139598,26.419182215671132,2.3965540515085086,1.6091105770647518,-0.047797453048320886,3.945714884467242
tumvi,room3,file-walk10,35.0,0,1.8509521096740225,-4.367530313871645,5.905642220277835,51.25244947730336,40.509051368445924,54.094007679968364,-0.18193579038735283,-0.8743907221659158,-0.5390961867314263
tumvi,room3,file,35.0,1,20.132224600257686,-0.7741870861199441,-0.5002905210541351,34.6024654438849,28.79885446203545,3.4436912645749076,1.6380639203223646,-0.5929811613925902,3.279540854381763
tumvi,room3,allan,35.0,1,20.07884127603647,-0.21947546587935884,-0.8184008799469789,33.19309831292524,27.21836857649779,2.388281181798037,1.8454309771544999,-0.7132638805426731,3.754041417673352
tumvi,room3,file-walk10,35.0,1,17.510564591289054,-4.117509921071103,-1.2186413578508395,54.90477567860607,41.121533597571954,54.107038928972685,-1.4493431680411415,-1.0538565875989567,-0.6907556909491868
tumvi,room3,file,35.0,2,-6.832464695737116,-4.493286559904641,-1.3362769039606297,30.02538220522455,28.313859067270432,3.4461933476470588,-0.1999705449291723,0.8315834067711664,2.9796878515291763
tumvi,room3,allan,35.0,2,84.9850494984539,10.729387235852496,0.38597541831477256,250.2919557173977,276.05601921702646,7.766959071036618,-81.40825491430316,8.604484370033603,29.19239432914689
tumvi,room3,file-walk10,35.0,2,-10.516035422341027,-8.133453656576394,5.8228300780399405,39.36156447307632,39.38330880685423,54.10057855536608,1.425528113759227,-0.6300983950218417,-0.19790293323864072
tumvi,room3,file,60.0,0,-2.254673624606979,-5.108128264041958,0.19675965242354776,5.433366595342623,5.7121526244767455,2.76533581218048,0.1882337648823778,0.0006534376062430244,-0.0002998794282777604
tumvi,room3,allan,60.0,0,-1.4067949335795569,-6.518896955490286,0.9786840707427231,2.6465841949217874,3.1182887180219176,0.8867068192412866,0.17937662019590642,0.024612722545507094,-0.01649312785553889
tumvi,room3,file-walk10,60.0,0,-2.0850541826235345,-2.505036107807854,2.214901832416048,20.81821428861429,22.181123449835084,56.1497932400108,0.9969479635705378,-1.7381116210855483,0.943797100206345
tumvi,room3,file,60.0,1,-2.7954848026146983,-9.817704733574299,-2.301678424416125,5.374163828112822,5.787404595993658,2.7598947932193205,0.13155508236315125,0.0005651503667926084,0.012521731011053996
tumvi,room3,allan,60.0,1,-1.484729901521597,-10.563236748213106,0.0899573980050885,2.628733040992021,3.233519651447269,0.8902354418443919,0.09375048139629952,0.03754274683325064,0.001921433280559465
tumvi,room3,file-walk10,60.0,1,-3.4852785403093263,-8.00382065314855,0.7364086849549137,20.933542926115347,22.20053795679963,56.11253576507271,0.7617475339458782,-1.754854206046152,1.0613779768970284
tumvi,room3,file,60.0,2,0.47838685627086536,-1.3414866144265352,1.8959987884113365,5.576834527101937,5.300995358508697,2.9400725446412506,0.025542086455462812,-0.05615350306303683,-0.013354549974945397
tumvi,room3,allan,60.0,2,308.117100383729,30.455917619462596,2.599919893290706,3393.153693587134,3704.580787150638,61.48350096637857,-1132.724199522021,132.0410396234549,297.5712973449526
tumvi,room3,file-walk10,60.0,2,-4.3558383369462685,1.9938420477417687,5.9226054993184025,21.745973580493388,20.70658050887174,56.64880646868496,1.3278163604648014,-2.216401688297269,1.1486749517997352
tumvi,room3,file,90.0,0,-0.323270433455732,-7.541873630338277,-1.2352169914962772,5.1863870955243225,5.351111186540955,2.7345415682504552,-0.006973656683679594,-0.001181570192592381,0.02471120258770295
tumvi,room3,allan,90.0,0,0.1896315984480172,-8.67371979999633,-3.046906085150428,2.411997790493163,2.4805878090713875,1.0156038748927485,-0.0011945141246488327,-0.005213588483436221,0.023608141928621006
tumvi,room3,file-walk10,90.0,0,-0.8249932150026786,-6.798289483606075,-0.35341209567266707,14.516995340057331,14.631180523239845,54.67379273693329,-0.19240760937808715,0.006172834084506601,0.12023391142599668
tumvi,room3,file,90.0,1,1.7237186580743709,-3.520076889366898,-1.9325889754733772,5.193347698211182,5.332261810926511,2.731374739353164,-0.019136503712061114,-0.0031414971284402736,0.027654765998260205
tumvi,room3,allan,90.0,1,2.7504227677665223,-4.477940299571936,-3.2207489079635643,2.415306648161758,2.4570295548714136,1.0050949846683426,-0.008287692182969915,-0.006203561584355204,0.02463930791147095
tumvi,room3,file-walk10,90.0,1,1.189842518947203,-3.228299718702935,3.2458874909415343,14.48845855770402,14.753012346642832,54.63598207471361,-0.18955420435466364,0.014975688317466072,0.20316949447864743
tumvi,room3,file,90.0,2,-2.7961193102620427,-3.5806058849633775,2.4030709634858978,5.241685065793996,5.3984677327795705,2.807314047473029,-0.006550353607744452,-0.009379298108729154,0.044736862108916434
tumvi,room3,allan,90.0,2,758.3792931509546,44.807552930112735,21.515051772743583,20783.902991901938,22874.682573853355,291.8812983905237,-7097.02532473461,1105.5323704688071,1278.1315844604947
tumvi,room3,file-walk10,90.0,2,-0.2984501321102784,-2.958641661665796,-1.1422982132747488,14.411147486071126,15.143397693303902,54.691958925985475,-0.042173587814535354,0.18127390301640353,0.33129168541978515
tumvi,room4,file,15.0,0,-22.89344894779874,-26.247158380653513,12.386699736725625,835.7280060472059,726.592624596395,15.66122023224319,33.09246748765946,-6.924556300022101,-7.248960928057506
tumvi,room4,allan,15.0,0,-22.899813369171206,-26.249788872829498,12.41432172510235,832.3047627835748,723.1122827343368,15.233433023668537,33.20983132899503,-6.891384278024822,-7.230003043348288
tumvi,room4,file-walk10,15.0,0,-22.727302953787873,-26.130567509243015,10.109009645471938,1009.9681835394914,905.5441883371573,51.449545441774326,27.445851191770604,-9.130843688439702,-7.501571444658761
tumvi,room4,file,15.0,1,-4.2991197395203455,39.20575722484469,-1.222989763775887,698.5547992106681,729.6724018069572,15.748066864225175,20.981140972065887,-1.0486921716572195,12.10119056903006
tumvi,room4,allan,15.0,1,-4.299627838151946,39.216886044479594,-1.2230763650246654,695.072599654979,726.2984023713019,15.3188770752251,21.01410944956914,-1.022168521517885,12.034870054728149
tumvi,room4,file-walk10,15.0,1,-4.3658092842439284,38.54654033654138,-1.4612341346347368,871.8299944068617,900.1084994849801,51.63809366258927,19.987801270802713,-2.840750787391844,15.701086364360084
tumvi,room4,file,15.0,2,48.91150515214076,-141.31643840212,4.0479827743468295,1105.3674640206214,1952.037894418405,22.927493734051716,729.1809381757488,-26.409513099517966,-117.19170688578885
tumvi,room4,allan,15.0,2,48.90229998426141,-141.31936403026532,4.074172797173164,1101.9616450103204,1949.3570813592228,22.485649061475073,729.4209032264931,-26.469580156560223,-117.0057200376018
tumvi,room4,file-walk10,15.0,2,50.32004865888362,-141.63187864572234,1.8415649575951398,1276.7978563570532,2105.7493774377167,59.461538426895814,725.8968167745979,-24.49863183474513,-127.39993277391075
tumvi,room4,file,35.0,0,-7.675512814046159,7.276962192300704,0.9574221372868188,81.88751339064899,63.040472436505034,2.579084580921964,-14.583737311233618,-2.3848658801459592,0.466676112777576
tumvi,room4,allan,35.0,0,-8.161199476931694,7.556513942231255,1.1647471874654338,79.51849677163499,59.18971233984755,1.5152248406609732,-13.413680342679262,-2.212137787315701,0.6143480072256774
tumvi,room4,file-walk10,35.0,0,-3.1180442188166264,0.7513863208724624,3.6858150622853127,132.0024354067354,158.11536466825032,45.03619553607316,-32.71947379660363,-5.296674317347942,-1.195068796172494
tumvi,room4,file,35.0,1,0.7307433226581033,-7.650468409006846,0.5221331096062263,65.49231471069689,61.7975848774262,2.560746616080711,-12.215826877380902,-1.8918723697058024,-0.10178549547334842
tumvi,room4,allan,35.0,1,0.22515491460580428,-7.700900600104978,0.6566514772717102,62.39531127139114,58.186081128043725,1.496671123125235,-11.248990176436656,-1.8136729342208997,0.059848618815709895
tumvi,room4,file-walk10,35.0,1,8.092551017262446,-9.277106279083434,-2.118402986461597,132.90837150108933,149.5236968397949,45.03715383216988,-34.02353659320203,-4.741999761471891,-1.90421752031213
tumvi,room4,file,35.0,2,6.100489639136211,-3.2842269930249195,1.5264547684416028,96.99082390926893,60.600101942209086,2.5762306977577185,-20.620829101390466,-1.9514091045496789,-0.7626000422427959
tumvi,room4,allan,35.0,2,6.50210795294448,-3.582402625119649,1.5137243842111925,94.75842699351732,56.409585687886626,1.5118181805352457,-19.363641501319396,-1.8188008955891446,-0.6893809905985745
tumvi,room4,file-walk10,35.0,2,0.9397537495018464,-0.5311841413110974,2.762916073965382,148.277426142351,165.81474795725936,45.05387654175656,-43.78676549977972,-5.594453719386357,-1.750972625700071
tumvi,room4,file,60.0,0,2.7550473973821505,2.0452999567319985,2.9142801404233225,14.887744288695488,8.751940607686754,2.4642521689604697,4.611823080577809,-0.053862488750471955,-0.08950161015857128
tumvi,room4,allan,60.0,0,2.2689086787031085,0.6434434385167073,3.982759269188523,8.61861981739995,4.152297457847539,0.9419451329195536,3.1982361314145886,0.06338372521884396,0.05302852928599546
tumvi,room4,file-walk10,60.0,0,6.42441541427876,4.037088881993366,3.177896158874321,144.81348448577006,136.1645410339528,46.19096815853915,62.003777916290055,-4.692968844348492,-3.659557052193402
tumvi,room4,file,60.0,1,-8.274797041285764,-5.7197204955294145,1.0325736856369785,19.182561852944605,7.876827422672612,2.5100406946409617,4.2496301553251286,-0.35875752990673265,-0.11292195616999938
tumvi,room4,allan,60.0,1,-9.003123605825683,-6.285575073605918,3.4142069248522664,10.498228129169004,3.5990407529396644,0.992187872277401,2.8165431467025233,-0.11392166226927208,0.06586585839378109
tumvi,room4,file-walk10,60.0,1,0.7834575269016593,0.38571192110474684,1.4911627652664852,155.68397271905593,173.3643531657186,46.191503833783436,85.47235712959963,-5.251085282280029,-4.677553280386209
tumvi,room4,file,60.0,2,3.4554941747422503,-3.244620092227768,-0.3792652471909961,13.079152839995553,17.96439693264644,2.4659172932557634,8.28338689337897,0.12036493698378195,0.17082636405257956
tumvi,room4,allan,60.0,2,4.383439300325518,-3.65761447863224,-0.01982562362688861,7.852365003116544,9.38554744262674,0.9506339200548062,5.483225392432652,0.030759703103988716,0.24982895556351797
tumvi,room4,file-walk10,60.0,2,-1.1070534847859783,-2.0477481607026906,3.90560835125123,145.14036956998535,162.5100375401438,46.16238709683198,69.98600842483971,-4.320455743728235,-3.4756236061579564
tumvi,room5,file,15.0,0,-61.22596848720006,-62.85387187321419,13.960625648222015,719.4730584232417,1035.2765762865429,19.573385994351014,158.22493826384505,-32.78679230564126,-51.08507028611499
tumvi,room5,allan,15.0,0,-61.244627071329674,-62.827617825935626,13.986294888917884,716.1308167267338,1031.9707105377495,19.151054582627,158.20705571456767,-32.666015069122615,-51.01311875045727
tumvi,room5,file-walk10,15.0,0,-60.12735238444183,-64.03373112162565,11.839380781116864,881.7596138503814,1189.9359724179435,54.702236460753376,153.6068524829229,-39.3036678611455,-52.5579689712457
tumvi,room5,file,15.0,1,-31.34771258502442,-22.137366671661443,-2.015417769157964,718.8979287361882,708.4160693597341,16.318206226812965,-34.27102933351078,-14.38133896768222,-7.017508468732942
tumvi,room5,allan,15.0,1,-31.36291607579683,-22.135224099090387,-2.020327715543359,715.471165864091,705.1106115760878,15.90204783259346,-34.28322376238208,-14.336207577704192,-7.009826839193901
tumvi,room5,file-walk10,15.0,1,-30.56487686025916,-22.653388451796545,-1.8690667845674969,887.610894009297,872.2739664263765,51.20042805076801,-30.971025144031895,-17.09190675611264,-6.418423640948559
tumvi,room5,file,15.0,2,15.950405775744354,-88.99306928446853,-0.01267028498979017,824.1452121664217,2048.5917361326747,19.359432986328407,-414.0135727007182,18.141097896936724,-86.169636311008
tumvi,room5,allan,15.0,2,15.944208390989242,-88.98919575276113,0.011791864451587197,820.6580737471575,2045.3310418231067,18.939520095486643,-414.0607163228707,18.142656388074066,-86.0618009689721
tumvi,room5,file-walk10,15.0,2,17.015973425479878,-89.3319090390809,-2.115913727107672,995.9729228589828,2244.988397684025,54.41019976072368,-407.4629573702202,17.204339083286122,-92.10446443124219
tumvi,room5,file,35.0,0,-52.83407757369429,-11.876927435779066,0.721019524431443,193.05888086012746,163.3924699433765,3.2947776784492517,68.96005132203358,-7.461584936277201,-7.33032713569959
tumvi,room5,allan,35.0,0,-51.76042244539862,-12.982415087907299,0.5221759180220916,188.9628481170975,148.65818307990847,1.8617082127566253,67.50045587803244,-6.819973194143536,-5.034586564731143
tumvi,room5,file-walk10,35.0,0,-60.63142146636325,-5.577370192570395,5.7141913753103,322.02723860382116,531.9954517181536,57.55102406865447,108.21099664820468,-16.51178047440567,-34.73227034800121
tumvi,room5,file,35.0,1,-16.257709067546685,-10.133255977783548,-0.45657785571670306,222.08595097090927,185.78980546762327,3.1125699949626178,101.67932264703427,-5.956897012787981,-6.260499281300386
tumvi,room5,allan,35.0,1,-14.16125333738962,-10.48821670441465,-0.8070459050229166,217.69135875926224,168.43586956269985,1.6922902368073072,97.88255670437081,-4.846466994264137,-3.941087439411151
tumvi,room5,file-walk10,35.0,1,-26.0501629249847,-14.628361442023296,-0.32296728543621445,355.0546355992554,674.9575818122358,57.656505252730376,177.0568145676548,-15.86656484892121,-37.10596145903503
tumvi,room5,file,35.0,2,-42.03271818069477,5.3134324073887935,1.629863828586304,198.23797075219034,119.31259847095909,3.1336359393058095,43.29728543805075,-6.073178844743314,-4.964981264046821
tumvi,room5,allan,35.0,2,-41.72685320046404,5.25613589709638,1.4377736108477044,195.13184648711632,108.8157284270342,1.7477844839024113,41.88383072962262,-5.701223138575857,-3.0243079851711565
tumvi,room5,file-walk10,35.0,2,-43.3352041172975,7.354215007038119,3.821273772146189,332.5483225319933,372.4696658925125,56.85147449210563,92.19533307807701,-13.009512102397572,-28.77153267689967
tumvi,room5,file,60.0,0,-1.7918921486601926,-8.203941793622421,3.950656693430408,5.576324422907968,7.026818614142451,2.4630262377794363,0.3445613285546533,0.025103221323795936,0.14192392517343907
tumvi,room5,allan,60.0,0,-1.5914467613959988,-8.644277200837791,4.11760496750201,2.888701660079135,4.735012657177727,1.0133973812911554,0.608112064210721,0.02524603351228829,0.34620590275592417
tumvi,room5,file-walk10,60.0,0,-2.1876514594728427,-6.543965458647755,2.724966960075725,22.383867875292836,24.276617033092,43.46200198469046,-0.599445157190348,-1.041080857126152,-0.8332153021301467
tumvi,room5,file,60.0,1,-1.480172180070468,-12.338717395555655,1.6734273436276808,5.429918057220931,7.13346783320983,2.4651851975036196,0.30541084583250777,0.017077454449732573,0.1554835055242267
tumvi,room5,allan,60.0,1,-1.0187230530055666,-12.034652326895984,2.119827469395612,2.6693806639098026,4.8047294849589655,1.020938297469602,0.5486360031896949,0.07057640185549928,0.34283043688439946
tumvi,room5,file-walk10,60.0,1,-2.4051004202163715,-12.84898950352218,2.085220410353953,22.10348742318469,24.283955932557593,43.473313396753255,-0.553404681362085,-0.9398797925939388,-0.8629858342164729
tumvi,room5,file,60.0,2,-0.44406811523263934,-7.91537866091104,2.1441197540885217,5.475580432144584,7.002676284676273,2.46652174009087,0.24416724970259696,0.01301620125967513,0.1586751340419581
tumvi,room5,allan,60.0,2,-0.25420328812657655,-7.48414946988586,2.349911987341865,2.7029048391221737,4.6911925076087595,1.0051579714836354,0.4538778928516572,0.06691664737953776,0.36620866237190364
tumvi,room5,file-walk10,60.0,2,-1.7523982035322556,-9.620201981178221,4.677459455864991,22.42564136728024,24.5752057137105,43.46902303791561,-0.6538399715631548,-0.9640609871936382,-0.8476022257378604
tumvi,room5,file,90.0,0,-9.489699703991244,-9.294282422859162,-2.3198520390948922,28.46723566111283,23.74419285422218,2.678433757138448,1.881525225044209,0.3469799168941117,0.14873669275458737
tumvi,room5,allan,90.0,0,-15.137479641080144,-5.479285129520511,2.3414715895930613,7.7997515236736845,5.5040782661150605,0.9005456795308658,0.8020607705143286,0.44471868651438107,-0.17103648290428192
tumvi,room5,file-walk10,90.0,0,-31.943692074603447,-9.845364935051915,-1.6945056781991856,695.0007058529153,754.0401317664883,49.87196640955585,84.55491007316049,-6.937098380566842,-1.0253228515028538
tumvi,room5,file,90.0,1,-9.271115398936445,-11.21977079833109,-3.8035617934841364,27.006946548144533,24.043819633713788,2.677760832003049,1.5277482493735621,0.3836718848738115,0.1954390111413332
tumvi,room5,allan,90.0,1,-18.90752648381038,-8.985924611064043,2.41474655841664,6.735094979277694,5.674817474957436,0.9035539520070541,0.6047528386310328,0.4585814298043742,-0.11289109466929705
tumvi,room5,file-walk10,90.0,1,-25.601429641651233,12.61560429181326,1.8203218966848478,687.5897922290138,770.6121656620224,49.89220720538813,76.73807291976242,-5.993110624281744,5.70286162162154
tumvi,room5,file,90.0,2,2.035234713670536,-5.614093678172625,-1.1557960790155595,31.473544852817664,25.561240112651994,2.6751641947202454,3.4385096863421976,0.6730688890622657,0.3601098503691247
tumvi,room5,allan,90.0,2,-8.551335322391397,-1.0851586801628295,5.1896961826493895,10.75691463151405,7.404763680089905,0.9145741392009384,3.0189540409742226,0.6170900575105713,-0.1178281238183823
tumvi,room5,file-walk10,90.0,2,-1.5240490926804489,2.2560270832112894,-3.0815334290289216,686.9816219131437,766.9823327300918,49.81305773155461,71.87566843687421,0.7026135883428454,4.551893016425607
tumvi,room6,file,15.0,0,-39.356152980717184,-25.189930730257537,10.318445194466051,1016.0710339693211,1136.9405525063808,17.28717328526772,345.0786927713286,-21.585909378341206,-23.659278966127623
tumvi,room6,allan,15.0,0,-39.37648778230742,-25.158285997220652,10.34327229544953,1012.1669094490861,1133.382183923431,16.844996756462272,344.96901002592284,-21.549990034409806,-23.612788567005982
tumvi,room6,file-walk10,15.0,0,-38.29533932016322,-26.74525223511536,8.285825061964417,1204.7196519145227,1322.317198313169,54.27419094702565,347.11232201233537,-21.879389652009284,-25.896740889506464
tumvi,room6,file,15.0,1,8.25074332965701,18.308864245311938,-4.101324624322827,792.925777697086,758.2279898492643,16.53777761055783,-74.48159295980072,1.7190765395585403,4.070036358941452
tumvi,room6,allan,15.0,1,8.235478873415515,18.317776995104587,-4.106785762450586,789.3705449472975,754.5830775560271,16.097383547811134,-74.45553055165819,1.6905338331212625,4.048488318266615
tumvi,room6,file-walk10,15.0,1,8.829610141783276,17.95384400208033,-3.924108606376371,975.3494305721496,941.1303745305211,53.43788397483612,-74.41751620874024,4.073141241579634,5.242435797443387
tumvi,room6,file,15.0,2,20.961489310721554,-11.754353263778691,-4.671505395065847,1128.3169001591193,2802.987625997959,16.989235007666633,-962.326212019982,17.49708862911147,-34.70289230465948
tumvi,room6,allan,15.0,2,20.946171897859927,-11.718992567162148,-4.646414472382795,1125.0155256134167,2798.9545228675765,16.546669345380664,-962.615430396824,17.447490659764508,-34.62152400094966
tumvi,room6,file-walk10,15.0,2,22.179497082570418,-13.025417272655345,-6.863286734179399,1308.3946329256867,3015.9025901315345,54.02300588894589,-962.8325472864177,21.391918701758552,-38.88890769528994
tumvi,room6,file,35.0,0,-75.20185409194197,-49.33035480635965,2.015607342379012,135.13261597414595,141.5958350631969,3.2022097307502277,-48.696034735965604,-5.17192780291456,3.786625382036034
tumvi,room6,allan,35.0,0,-77.44410867992784,-51.04386864010972,2.6845791916681447,129.1547066868143,135.6988720251521,1.9238450930027995,-49.565924638059585,-5.126339632908769,3.5648930288842644
tumvi,room6,file-walk10,35.0,0,-39.94231266521371,-28.208712036061236,1.2585714845988805,308.3615044238619,330.52338354020367,54.625743992655025,-34.23945709820168,-0.7051101032350163,14.894499062800174
tumvi,room6,file,35.0,1,-33.96817597165037,9.673327559409739,-0.0896830207187076,100.34985434530638,155.76818616780545,3.262071462560868,19.336144099659077,-3.8915019796874084,3.9162409560825626
tumvi,room6,allan,35.0,1,-35.33349283818698,9.909295541985891,0.16877806957681774,94.087563091271,152.0138883266886,1.990039571319964,19.76745142925843,-4.109813617651935,3.4141890497150573
tumvi,room6,file-walk10,35.0,1,-13.692848614852887,8.73189223162358,-3.8475531604064006,289.05573301024674,304.91795771831517,54.98327064096829,25.895210537503125,3.084299541876816,16.7957605890608
tumvi,room6,file,35.0,2,-23.58308000973393,29.39503413239791,1.3460102963808271,155.2250321450355,157.14455297465648,3.500289642454984,33.3057242580996,-5.859325337372607,6.2335177006396805
tumvi,room6,allan,35.0,2,-23.83287864744692,31.56583870258957,1.2851346456959352,148.80550684910258,151.49544881464385,2.222970944065411,34.69813370016598,-6.151221133245487,5.755940947852537
tumvi,room6,file-walk10,35.0,2,-21.714172726461115,-2.2133256666571883,1.4540202385672323,370.712051034989,342.5906890188375,55.11888955653422,21.80957717459358,2.6086561400749164,18.883100071515752
tumvi,room6,file,60.0,0,1.5122400652660444,-1.533984799720385,0.9605383523924131,7.015241616054562,8.17223331116891,2.893994487498353,-0.8923821695548592,0.019480949681922412,-0.5038267785234151
tumvi,room6,allan,60.0,0,0.5565329069723858,-9.16912998824546,0.8058652226177085,3.363361638682335,3.821414133283707,0.9491599266746037,-0.6813525129346326,0.019223253927285612,-0.2086468067695126
tumvi,room6,file-walk10,60.0,0,-1.1716333936109526,3.457810288826143,1.3054330951405402,48.88492051384521,51.519414817031446,54.08204859340241,-1.2292736877931318,3.0918007847591875,-4.0854787829439605
tumvi,room6,file,60.0,1,-0.03244403817575511,-8.764747129653735,1.0070587674195315,6.797594591145282,9.139728069816385,2.8277231695076273,-0.5450260205508926,-0.1531277140157539,-0.44360848079031073
tumvi,room6,allan,60.0,1,-1.2873727527117238,-11.072726892934531,1.2061266566732778,3.123751223372237,5.111505517211997,0.9167401985885302,-0.8175032954780981,-0.021698653435198157,-0.17257373252436198
tumvi,room6,file-walk10,60.0,1,-2.0688492804845744,-11.322893779533505,2.195211407395708,49.17630456951018,53.00241511112667,54.152208982499054,-0.5744232602129636,2.748294219144121,-4.531666314818657
tumvi,room6,file,60.0,2,-0.03856152004629787,-2.253783480904459,0.34838601000529834,6.858441296530545,7.910908595463473,2.7677275096559084,-0.5455422927155893,-0.09142119257062241,-0.23617614563210557
tumvi,room6,allan,60.0,2,-0.09501667981729223,-1.618409873177801,0.07862451922039962,3.325374989993117,3.4480818417925723,0.8947781409402975,-0.8132561361784011,0.05019559522039267,-0.044789876559557455
tumvi,room6,file-walk10,60.0,2,-1.307232581221472,-4.602503701078863,2.9633094164837717,49.69511084965314,56.10736772492227,54.111439105804116,-0.09856436613305779,2.4680047952865665,-4.648421483896548
tumvi,room6,file,90.0,0,-2.746258618875401,-1.4479487048522726,-1.3104653620918516,6.407863359432678,6.726196424671505,2.626113747451898,0.10567569843343025,0.13152697900372678,-0.006322130846992562
tumvi,room6,allan,90.0,0,-0.4220471300025921,1.6262986046180272,-1.8502966853429508,2.5949934432194315,2.968855227040037,1.0238497754361529,0.04979834666780671,0.15095872786229542,-0.16601790531311922
tumvi,room6,file-walk10,90.0,0,-7.471355329077501,-7.5966599747142425,-2.213560730612529,69.22244404747417,72.27338176801925,53.36761853418283,0.3903700217021606,3.694999847538564,2.7775910986847565
tumvi,room6,file,90.0,1,-0.2900826803154746,0.7480819981227333,-2.0036779196562526,6.39492457668112,6.6163198595472625,2.6254870431648767,0.1528539325711082,0.12461733391904352,-0.002028140248035281
tumvi,room6,allan,90.0,1,0.5425837628683093,3.7290893819920408,-0.43100636536563863,2.562812945233568,2.914589290803932,0.9776889505321382,0.07696758949026182,0.12062328734178138,-0.11397474992504263
tumvi,room6,file-walk10,90.0,1,-2.946614302471265,0.25853463409029187,3.473939725984717,68.5571972046555,71.64483487390409,53.47256410580571,0.5526041788132079,3.9403679773642035,2.668577951342812
tumvi,room6,file,90.0,2,0.1255086374416967,2.3198979901841303,0.3860105868512469,6.511822510041219,6.630121459586466,2.627563378279448,0.13233249364073496,0.1467425517789992,-0.0017387892675766728
tumvi,room6,allan,90.0,2,0.3155829905659022,3.5198340925673897,1.8956698063309068,2.7574893151443627,2.946647762885197,0.9861330644154986,0.21325044242731944,0.17156415869107347,-0.0771429550941173
tumvi,room6,file-walk10,90.0,2,4.914039569772697,2.5438791356625847,0.4333288352217015,68.75388953750483,72.36897535251553,53.625826025115785,0.5959038394886191,4.617654663914023,2.104430822616197
