dataset,sequence,config,arm,rate_m_s,seed,after_onset_s,first_over_gate_s,fault_s,reaccept_s,final_error_m,max_error_m,final_offset_m
euroc,MH_01_easy,default,clean,0.0,0,146.90499997138977,,,,0.24988568586209486,1.3441986435772573,0.0
euroc,MH_01_easy,walk10,clean,0.0,0,146.90499997138977,,,,0.4793003015977564,1.25279032583712,0.0
euroc,MH_01_easy,default,clean,0.05,0,146.90499997138977,,,,7.435597840012153,7.436159272409059,7.345249998569489
euroc,MH_01_easy,walk10,clean,0.05,0,146.90499997138977,,,,7.692883412812606,7.844401515182742,7.345249998569489
euroc,MH_01_easy,default,clean,0.2,0,146.90499997138977,,,,29.468440126205397,29.468440126205397,29.380999994277957
euroc,MH_01_easy,walk10,clean,0.2,0,146.90499997138977,,,,29.722510412186907,29.722510412186907,29.380999994277957
euroc,MH_01_easy,default,clean,0.5,0,146.90499997138977,,,,73.53914925230515,73.53914925230515,73.45249998569489
euroc,MH_01_easy,walk10,clean,0.5,0,146.90499997138977,,,,73.79159669053244,73.79159669053244,73.45249998569489
euroc,MH_01_easy,default,clean,1.0,0,146.90499997138977,5.205,,,146.99123458228712,146.99123458228712,146.90499997138977
euroc,MH_01_easy,walk10,clean,1.0,0,146.90499997138977,,,,147.24158740406608,147.24158740406608,146.90499997138977
euroc,MH_01_easy,default,clean,2.0,0,146.90499997138977,2.005,2.805,,293.95621945012,293.95621945012,293.80999994277954
euroc,MH_01_easy,walk10,clean,2.0,0,146.90499997138977,,,,294.1423799579804,294.1423799579804,293.80999994277954
euroc,MH_01_easy,default,after_outage,0.0,0,146.90499997138977,,,,0.24985963818390508,2.2006089813572056,0.0
euroc,MH_01_easy,walk10,after_outage,0.0,0,146.90499997138977,,,,0.47923737787819737,1.7822639336170392,0.0
euroc,MH_01_easy,default,after_outage,0.05,0,146.90499997138977,,,,7.435360761112411,7.435938466813063,7.345249998569489
euroc,MH_01_easy,walk10,after_outage,0.05,0,146.90499997138977,,,,7.692664121882702,7.844476470255687,7.345249998569489
euroc,MH_01_easy,default,after_outage,0.2,0,146.90499997138977,,,,29.468463494593337,29.468463494593337,29.380999994277957
euroc,MH_01_easy,walk10,after_outage,0.2,0,146.90499997138977,,,,29.722244172296897,29.722244172296897,29.380999994277957
euroc,MH_01_easy,default,after_outage,0.5,0,146.90499997138977,,,,73.53972367575102,73.53972367575102,73.45249998569489
euroc,MH_01_easy,walk10,after_outage,0.5,0,146.90499997138977,,,,73.79122781783907,73.79122781783907,73.45249998569489
euroc,MH_01_easy,default,after_outage,1.0,0,146.90499997138977,,,,146.99282089006175,146.99282089006175,146.90499997138977
euroc,MH_01_easy,walk10,after_outage,1.0,0,146.90499997138977,,,,147.24101008422218,147.24101008422218,146.90499997138977
euroc,MH_01_easy,default,after_outage,2.0,0,146.90499997138977,5.205,,,293.90016130072763,293.90016130072763,293.80999994277954
euroc,MH_01_easy,walk10,after_outage,2.0,0,146.90499997138977,,,,294.1409564004036,294.1409564004036,293.80999994277954
euroc,MH_02_easy,default,clean,0.0,0,114.95499992370605,,,,0.14644410840590782,1.2079378782181374,0.0
euroc,MH_02_easy,walk10,clean,0.0,0,114.95499992370605,,,,0.37575650626570445,1.255599710676535,0.0
euroc,MH_02_easy,default,clean,0.05,0,114.95499992370605,,,,5.747496714988877,5.836646176844534,5.747749996185303
euroc,MH_02_easy,walk10,clean,0.05,0,114.95499992370605,,,,5.78698736659802,6.1021529622227835,5.747749996185303
euroc,MH_02_easy,default,clean,0.2,0,114.95499992370605,,,,22.992216347861785,22.992216347861785,22.99099998474121
euroc,MH_02_easy,walk10,clean,0.2,0,114.95499992370605,,,,23.02118406050295,23.02118406050295,22.99099998474121
euroc,MH_02_easy,default,clean,0.5,0,114.95499992370605,,,,57.484916205625765,57.484916205625765,57.47749996185303
euroc,MH_02_easy,walk10,clean,0.5,0,114.95499992370605,,,,57.50592795313177,57.50592795313177,57.47749996185303
euroc,MH_02_easy,default,clean,1.0,0,114.95499992370605,5.200,,,114.9761372656761,114.9761372656761,114.95499992370605
euroc,MH_02_easy,walk10,clean,1.0,0,114.95499992370605,,,,114.98288758632451,114.98288758632451,114.95499992370605
euroc,MH_02_easy,default,clean,2.0,0,114.95499992370605,2.000,2.800,,852.5912639798491,852.5912639798491,229.9099998474121
euroc,MH_02_easy,walk10,clean,2.0,0,114.95499992370605,,,,229.9373795779352,229.9373795779352,229.9099998474121
euroc,MH_02_easy,default,after_outage,0.0,0,114.95499992370605,,,,0.14599888286133353,1.5444722553959263,0.0
euroc,MH_02_easy,walk10,after_outage,0.0,0,114.95499992370605,,,,0.37626421942091864,1.9236436712581912,0.0
euroc,MH_02_easy,default,after_outage,0.05,0,114.95499992370605,,,,5.750824189189123,5.840214294620334,5.747749996185303
euroc,MH_02_easy,walk10,after_outage,0.05,0,114.95499992370605,,,,5.789119536117664,6.0989703728411895,5.747749996185303
euroc,MH_02_easy,default,after_outage,0.2,0,114.95499992370605,,,,22.994217164252035,22.994217164252035,22.99099998474121
euroc,MH_02_easy,walk10,after_outage,0.2,0,114.95499992370605,,,,23.02319000130868,23.02319000130868,22.99099998474121
euroc,MH_02_easy,default,after_outage,0.5,0,114.95499992370605,5.200,,,57.484609729450675,57.484609729450675,57.47749996185303
euroc,MH_02_easy,walk10,after_outage,0.5,0,114.95499992370605,,,,57.50777187780587,57.50777187780587,57.47749996185303
euroc,MH_02_easy,default,after_outage,1.0,0,114.95499992370605,5.200,,,114.96970129778634,114.96970129778634,114.95499992370605
euroc,MH_02_easy,walk10,after_outage,1.0,0,114.95499992370605,,,,114.98466449889214,114.98466449889214,114.95499992370605
euroc,MH_02_easy,default,after_outage,2.0,0,114.95499992370605,2.200,3.600,,229.93044509687712,229.93044509687712,229.9099998474121
euroc,MH_02_easy,walk10,after_outage,2.0,0,114.95499992370605,,,,229.93994980585487,229.93994980585487,229.9099998474121
euroc,MH_03_medium,default,clean,0.0,0,96.50499987602234,,,,0.6551421742221307,1.2125271842000953,0.0
euroc,MH_03_medium,walk10,clean,0.0,0,96.50499987602234,,,,0.8304142637393862,1.4766157951448073,0.0
euroc,MH_03_medium,default,clean,0.05,0,96.50499987602234,,,,5.265523230325135,5.265523230325135,4.825249993801117
euroc,MH_03_medium,walk10,clean,0.05,0,96.50499987602234,,,,5.280915377102479,5.280915377102479,4.825249993801117
euroc,MH_03_medium,default,clean,0.2,0,96.50499987602234,,,,19.72409983378942,19.72409983378942,19.30099997520447
euroc,MH_03_medium,walk10,clean,0.2,0,96.50499987602234,,,,19.719663027304154,19.719663027304154,19.30099997520447
euroc,MH_03_medium,default,clean,0.5,0,96.50499987602234,,,,48.67305515280158,48.67305515280158,48.25249993801117
euroc,MH_03_medium,walk10,clean,0.5,0,96.50499987602234,,,,48.66247935245043,48.66247935245043,48.25249993801117
euroc,MH_03_medium,default,clean,1.0,0,96.50499987602234,,,,96.92602985554083,96.92602985554083,96.50499987602234
euroc,MH_03_medium,walk10,clean,1.0,0,96.50499987602234,,,,96.9110372874953,96.9110372874953,96.50499987602234
euroc,MH_03_medium,default,clean,2.0,0,96.50499987602234,5.200,,,193.43296135345392,193.43296135345392,193.00999975204468
euroc,MH_03_medium,walk10,clean,2.0,0,96.50499987602234,,,,193.41225359046814,193.41225359046814,193.00999975204468
euroc,MH_03_medium,default,after_outage,0.0,0,96.50499987602234,,,,0.6555771371749103,2.0067719145928042,0.0
euroc,MH_03_medium,walk10,after_outage,0.0,0,96.50499987602234,,,,0.8305017181336677,1.6287236480899705,0.0
euroc,MH_03_medium,default,after_outage,0.05,0,96.50499987602234,,,,5.262614837571005,5.262614837571005,4.825249993801117
euroc,MH_03_medium,walk10,after_outage,0.05,0,96.50499987602234,,,,5.28055070548332,5.28055070548332,4.825249993801117
euroc,MH_03_medium,default,after_outage,0.2,0,96.50499987602234,,,,19.719452686165322,19.719452686165322,19.30099997520447
euroc,MH_03_medium,walk10,after_outage,0.2,0,96.50499987602234,,,,19.71926698229106,19.71926698229106,19.30099997520447
euroc,MH_03_medium,default,after_outage,0.5,0,96.50499987602234,,,,48.665274878650216,48.665274878650216,48.25249993801117
euroc,MH_03_medium,walk10,after_outage,0.5,0,96.50499987602234,,,,48.66208955798705,48.66208955798705,48.25249993801117
euroc,MH_03_medium,default,after_outage,1.0,0,96.50499987602234,,,,96.91299806356176,96.91299806356176,96.50499987602234
euroc,MH_03_medium,walk10,after_outage,1.0,0,96.50499987602234,,,,96.91067253127166,96.91067253127166,96.50499987602234
euroc,MH_03_medium,default,after_outage,2.0,0,96.50499987602234,,,,193.40858560998086,193.40858560998086,193.00999975204468
euroc,MH_03_medium,walk10,after_outage,2.0,0,96.50499987602234,,,,193.41193959261736,193.41193959261736,193.00999975204468
euroc,MH_04_difficult,default,clean,0.0,0,63.75999999046326,,,,0.3015842808302608,1.1990561384074323,0.0
euroc,MH_04_difficult,walk10,clean,0.0,0,63.75999999046326,,,,0.43048371720401896,1.2891324788102834,0.0
euroc,MH_04_difficult,default,clean,0.05,0,63.75999999046326,,,,2.9840918749727594,3.4128323534184792,3.187999999523163
euroc,MH_04_difficult,walk10,clean,0.05,0,63.75999999046326,,,,3.1025524181241533,3.712402798543839,3.187999999523163
euroc,MH_04_difficult,default,clean,0.2,0,63.75999999046326,,,,12.528330422326999,12.552074659209051,12.751999998092652
euroc,MH_04_difficult,walk10,clean,0.2,0,63.75999999046326,,,,12.642294879734129,12.724907457955586,12.751999998092652
euroc,MH_04_difficult,default,clean,0.5,0,63.75999999046326,,,,31.62766420703168,31.62766420703168,31.87999999523163
euroc,MH_04_difficult,walk10,clean,0.5,0,63.75999999046326,,,,31.759958331840505,31.763692572777906,31.87999999523163
euroc,MH_04_difficult,default,clean,1.0,0,63.75999999046326,5.200,,,63.46189568569206,63.46189568569206,63.75999999046326
euroc,MH_04_difficult,walk10,clean,1.0,0,63.75999999046326,,,,63.628943671802375,63.628943671802375,63.75999999046326
euroc,MH_04_difficult,default,clean,2.0,0,63.75999999046326,2.200,4.200,,127.14714831098183,127.14714831098183,127.51999998092651
euroc,MH_04_difficult,walk10,clean,2.0,0,63.75999999046326,,,,127.37591912891112,127.37591912891112,127.51999998092651
euroc,MH_04_difficult,default,after_outage,0.0,0,63.75999999046326,0.000,0.805,,1.4542544664923154,366.4062249304178,0.0
euroc,MH_04_difficult,walk10,after_outage,0.0,0,63.75999999046326,,,,0.4321939256598376,1.7218888560972014,0.0
euroc,MH_04_difficult,default,after_outage,0.05,0,63.75999999046326,0.000,0.805,,2.3049112407940235,363.67770786708496,3.187999999523163
euroc,MH_04_difficult,walk10,after_outage,0.05,0,63.75999999046326,,,,3.0991478252757902,3.6899280622612576,3.187999999523163
euroc,MH_04_difficult,default,after_outage,0.2,0,63.75999999046326,0.000,0.805,,12.675256329717676,347.2334542969975,12.751999998092652
euroc,MH_04_difficult,walk10,after_outage,0.2,0,63.75999999046326,,,,12.641760628564102,12.725630489014462,12.751999998092652
euroc,MH_04_difficult,default,after_outage,0.5,0,63.75999999046326,0.000,0.805,,31.768414419261315,318.4830974516546,31.87999999523163
euroc,MH_04_difficult,walk10,after_outage,0.5,0,63.75999999046326,,,,31.764877510631138,31.76934152923891,31.87999999523163
euroc,MH_04_difficult,default,after_outage,1.0,0,63.75999999046326,0.000,0.805,,63.54482206096268,250.34884298537622,63.75999999046326
euroc,MH_04_difficult,walk10,after_outage,1.0,0,63.75999999046326,,,,63.64220807776947,63.64220807776947,63.75999999046326
euroc,MH_04_difficult,default,after_outage,2.0,0,63.75999999046326,0.000,0.805,,127.21150157981545,127.21150157981545,127.51999998092651
euroc,MH_04_difficult,walk10,after_outage,2.0,0,63.75999999046326,,,,127.40284361399931,127.40284361399931,127.51999998092651
euroc,MH_05_difficult,default,clean,0.0,0,76.0550000667572,,,,0.3855446730699299,1.1097350878922863,0.0
euroc,MH_05_difficult,walk10,clean,0.0,0,76.0550000667572,,,,0.7334000360180403,1.2382282490505676,0.0
euroc,MH_05_difficult,default,clean,0.05,0,76.0550000667572,,,,3.9565317610305573,4.088219348339025,3.8027500033378603
euroc,MH_05_difficult,walk10,clean,0.05,0,76.0550000667572,,,,3.914742427768948,4.0486187575543955,3.8027500033378603
euroc,MH_05_difficult,default,clean,0.2,0,76.0550000667572,,,,15.345579943134739,15.359297058273915,15.211000013351441
euroc,MH_05_difficult,walk10,clean,0.2,0,76.0550000667572,,,,15.271557138463903,15.311572348628374,15.211000013351441
euroc,MH_05_difficult,default,clean,0.5,0,76.0550000667572,,,,38.14539908991959,38.14539908991959,38.0275000333786
euroc,MH_05_difficult,walk10,clean,0.5,0,76.0550000667572,,,,38.07771137549846,38.07771137549846,38.0275000333786
euroc,MH_05_difficult,default,clean,1.0,0,76.0550000667572,5.200,,,76.14850831486989,76.14850831486989,76.0550000667572
euroc,MH_05_difficult,walk10,clean,1.0,0,76.0550000667572,,,,76.10193992201043,76.10193992201043,76.0550000667572
euroc,MH_05_difficult,default,clean,2.0,0,76.0550000667572,5.200,,,152.1570093013754,152.1570093013754,152.1100001335144
euroc,MH_05_difficult,walk10,clean,2.0,0,76.0550000667572,,,,152.15442957976262,152.15442957976262,152.1100001335144
euroc,MH_05_difficult,default,after_outage,0.0,0,76.0550000667572,0.000,0.800,,0.32525465547622817,159.68638035004346,0.0
euroc,MH_05_difficult,walk10,after_outage,0.0,0,76.0550000667572,,,,0.7512592812686246,1.8039912361655794,0.0
euroc,MH_05_difficult,default,after_outage,0.05,0,76.0550000667572,0.000,0.800,,3.9577369796197397,152.48178172625128,3.8027500033378603
euroc,MH_05_difficult,walk10,after_outage,0.05,0,76.0550000667572,,,,3.9504943614934867,4.085898635298064,3.8027500033378603
euroc,MH_05_difficult,default,after_outage,0.2,0,76.0550000667572,0.000,0.800,,15.362233379724065,127.214191927695,15.211000013351441
euroc,MH_05_difficult,walk10,after_outage,0.2,0,76.0550000667572,,,,15.304991828812465,15.35169926881938,15.211000013351441
euroc,MH_05_difficult,default,after_outage,0.5,0,76.0550000667572,0.000,0.800,,38.15730092917284,81.52518451732043,38.0275000333786
euroc,MH_05_difficult,walk10,after_outage,0.5,0,76.0550000667572,,,,38.10907270544008,38.10907270544008,38.0275000333786
euroc,MH_05_difficult,default,after_outage,1.0,0,76.0550000667572,0.000,0.800,,76.15958026393398,76.15958026393398,76.0550000667572
euroc,MH_05_difficult,walk10,after_outage,1.0,0,76.0550000667572,,,,76.12992681498409,76.12992681498409,76.0550000667572
euroc,MH_05_difficult,default,after_outage,2.0,0,76.0550000667572,0.000,0.800,,152.15154434156514,152.15154434156514,152.1100001335144
euroc,MH_05_difficult,walk10,after_outage,2.0,0,76.0550000667572,,,,152.17466962071768,152.17466962071768,152.1100001335144
euroc,V1_01_easy,default,clean,0.0,0,108.5550000667572,0.000,,,1436.0258167876639,1436.0258167876639,0.0
euroc,V1_01_easy,walk10,clean,0.0,0,108.5550000667572,,,,0.39887167137382035,1.3654560695882803,0.0
euroc,V1_01_easy,default,clean,0.05,0,108.5550000667572,0.000,,,1436.0258167876639,1436.0258167876639,5.42775000333786
euroc,V1_01_easy,walk10,clean,0.05,0,108.5550000667572,,,,5.3974688477294235,5.632655312010964,5.42775000333786
euroc,V1_01_easy,default,clean,0.2,0,108.5550000667572,0.000,,,1436.0258167876639,1436.0258167876639,21.71100001335144
euroc,V1_01_easy,walk10,clean,0.2,0,108.5550000667572,,,,21.669646223736002,21.844261908842043,21.71100001335144
euroc,V1_01_easy,default,clean,0.5,0,108.5550000667572,0.000,,,1436.0258167876639,1436.0258167876639,54.2775000333786
euroc,V1_01_easy,walk10,clean,0.5,0,108.5550000667572,,,,54.23375949671346,54.31604689422196,54.2775000333786
euroc,V1_01_easy,default,clean,1.0,0,108.5550000667572,0.000,,,1436.0258167876639,1436.0258167876639,108.5550000667572
euroc,V1_01_easy,walk10,clean,1.0,0,108.5550000667572,,,,108.51042892071645,108.51229747445095,108.5550000667572
euroc,V1_01_easy,default,clean,2.0,0,108.5550000667572,0.000,,,1436.0258167876639,1436.0258167876639,217.1100001335144
euroc,V1_01_easy,walk10,clean,2.0,0,108.5550000667572,,,,217.06677312506983,217.06677312506983,217.1100001335144
euroc,V1_01_easy,default,after_outage,0.0,0,108.5550000667572,0.000,0.600,,1436.0258167876639,1436.0258167876639,0.0
euroc,V1_01_easy,walk10,after_outage,0.0,0,108.5550000667572,82.600,,,0.43714776968681,2.3063028161890355,0.0
euroc,V1_01_easy,default,after_outage,0.05,0,108.5550000667572,0.000,0.600,,1436.0258167876639,1436.0258167876639,5.42775000333786
euroc,V1_01_easy,walk10,after_outage,0.05,0,108.5550000667572,82.600,,,5.31524306116189,5.529731759391912,5.42775000333786
euroc,V1_01_easy,default,after_outage,0.2,0,108.5550000667572,0.000,0.600,,1436.0258167876639,1436.0258167876639,21.71100001335144
euroc,V1_01_easy,walk10,after_outage,0.2,0,108.5550000667572,82.600,,,21.564070186232673,21.724166056045586,21.71100001335144
euroc,V1_01_easy,default,after_outage,0.5,0,108.5550000667572,0.000,0.600,,1436.0258167876639,1436.0258167876639,54.2775000333786
euroc,V1_01_easy,walk10,after_outage,0.5,0,108.5550000667572,82.600,,,54.06850628569468,54.14370697820127,54.2775000333786
euroc,V1_01_easy,default,after_outage,1.0,0,108.5550000667572,0.000,0.600,,1436.0258167876639,1436.0258167876639,108.5550000667572
euroc,V1_01_easy,walk10,after_outage,1.0,0,108.5550000667572,82.600,91.600,,121.49431178758054,121.49431178758054,108.5550000667572
euroc,V1_01_easy,default,after_outage,2.0,0,108.5550000667572,0.000,0.600,,1436.0258167876639,1436.0258167876639,217.1100001335144
euroc,V1_01_easy,walk10,after_outage,2.0,0,108.5550000667572,41.400,91.600,,162.55449448454291,180.9871007228129,217.1100001335144
euroc,V1_02_medium,default,clean,0.0,0,48.50499987602234,,,,0.4679953779388196,0.8636511235051011,0.0
euroc,V1_02_medium,walk10,clean,0.0,0,48.50499987602234,,,,0.521515794907461,1.3556932688404573,0.0
euroc,V1_02_medium,default,clean,0.05,0,48.50499987602234,,,,1.9652886764900743,2.4995677892760826,2.425249993801117
euroc,V1_02_medium,walk10,clean,0.05,0,48.50499987602234,,,,2.059070336458716,3.137927215259618,2.425249993801117
euroc,V1_02_medium,default,clean,0.2,0,48.50499987602234,,,,9.255703779647376,9.255703779647376,9.700999975204468
euroc,V1_02_medium,walk10,clean,0.2,0,48.50499987602234,,,,9.314328301809256,9.314328301809256,9.700999975204468
euroc,V1_02_medium,default,clean,0.5,0,48.50499987602234,,,,23.836799510706363,23.836799510706363,24.25249993801117
euroc,V1_02_medium,walk10,clean,0.5,0,48.50499987602234,,,,23.86481900516694,23.86481900516694,24.25249993801117
euroc,V1_02_medium,default,clean,1.0,0,48.50499987602234,5.205,,,48.13903734161896,48.13903734161896,48.50499987602234
euroc,V1_02_medium,walk10,clean,1.0,0,48.50499987602234,,,,48.11982163900702,48.11982163900702,48.50499987602234
euroc,V1_02_medium,default,clean,2.0,0,48.50499987602234,5.205,,,96.73225767104842,96.73225767104842,97.00999975204468
euroc,V1_02_medium,walk10,clean,2.0,0,48.50499987602234,,,,96.63184191863714,96.63184191863714,97.00999975204468
euroc,V1_02_medium,default,after_outage,0.0,0,48.50499987602234,,,,0.4467724708326422,1.678573523584845,0.0
euroc,V1_02_medium,walk10,after_outage,0.0,0,48.50499987602234,,,,0.5141708937398103,1.5329143769894524,0.0
euroc,V1_02_medium,default,after_outage,0.05,0,48.50499987602234,,,,1.98810014542973,2.469655538531236,2.425249993801117
euroc,V1_02_medium,walk10,after_outage,0.05,0,48.50499987602234,,,,2.0684546057591504,3.137866425971487,2.425249993801117
euroc,V1_02_medium,default,after_outage,0.2,0,48.50499987602234,,,,9.277281292065851,9.277281292065851,9.700999975204468
euroc,V1_02_medium,walk10,after_outage,0.2,0,48.50499987602234,,,,9.321739701534574,9.321739701534574,9.700999975204468
euroc,V1_02_medium,default,after_outage,0.5,0,48.50499987602234,,,,23.856220416606835,23.856220416606835,24.25249993801117
euroc,V1_02_medium,walk10,after_outage,0.5,0,48.50499987602234,,,,23.86817938527889,23.86817938527889,24.25249993801117
euroc,V1_02_medium,default,after_outage,1.0,0,48.50499987602234,,,,48.1524361019422,48.1524361019422,48.50499987602234
euroc,V1_02_medium,walk10,after_outage,1.0,0,48.50499987602234,,,,48.115943825142764,48.115943825142764,48.50499987602234
euroc,V1_02_medium,default,after_outage,2.0,0,48.50499987602234,5.205,,,96.73819616045567,96.73819616045567,97.00999975204468
euroc,V1_02_medium,walk10,after_outage,2.0,0,48.50499987602234,,,,96.60694552500075,96.60694552500075,97.00999975204468
euroc,V1_03_difficult,default,clean,0.0,0,69.65500020980835,,,,0.371635764884729,1.489568292254362,0.0
euroc,V1_03_difficult,walk10,clean,0.0,0,69.65500020980835,,,,0.41341575241156553,1.3683208722273745,0.0
euroc,V1_03_difficult,default,clean,0.05,0,69.65500020980835,,,,3.779585219239979,3.91050946815633,3.4827500104904177
euroc,V1_03_difficult,walk10,clean,0.05,0,69.65500020980835,,,,3.7679307564989846,3.7773287297956206,3.4827500104904177
euroc,V1_03_difficult,default,clean,0.2,0,69.65500020980835,,,,14.23102050203022,14.23102050203022,13.93100004196167
euroc,V1_03_difficult,walk10,clean,0.2,0,69.65500020980835,,,,14.20717633367985,14.20717633367985,13.93100004196167
euroc,V1_03_difficult,default,clean,0.5,0,69.65500020980835,,,,35.14224580686561,35.14224580686561,34.827500104904175
euroc,V1_03_difficult,walk10,clean,0.5,0,69.65500020980835,,,,35.10235374404918,35.10235374404918,34.827500104904175
euroc,V1_03_difficult,default,clean,1.0,0,69.65500020980835,,,,69.99171093510624,69.99171093510624,69.65500020980835
euroc,V1_03_difficult,walk10,clean,1.0,0,69.65500020980835,,,,69.92987273658578,69.92987273658578,69.65500020980835
euroc,V1_03_difficult,default,clean,2.0,0,69.65500020980835,5.200,,,139.6767245667812,139.6767245667812,139.3100004196167
euroc,V1_03_difficult,walk10,clean,2.0,0,69.65500020980835,,,,139.58536563199868,139.58536563199868,139.3100004196167
euroc,V1_03_difficult,default,after_outage,0.0,0,69.65500020980835,0.000,0.805,,901.6850875481313,901.6850875481313,0.0
euroc,V1_03_difficult,walk10,after_outage,0.0,0,69.65500020980835,,,,0.4170239528342204,1.6550208218485303,0.0
euroc,V1_03_difficult,default,after_outage,0.05,0,69.65500020980835,0.000,0.805,,901.6850875481313,901.6850875481313,3.4827500104904177
euroc,V1_03_difficult,walk10,after_outage,0.05,0,69.65500020980835,,,,3.770630048712602,3.7837694939624127,3.4827500104904177
euroc,V1_03_difficult,default,after_outage,0.2,0,69.65500020980835,0.000,0.805,,901.6850875481313,901.6850875481313,13.93100004196167
euroc,V1_03_difficult,walk10,after_outage,0.2,0,69.65500020980835,,,,14.209190206061951,14.209190206061951,13.93100004196167
euroc,V1_03_difficult,default,after_outage,0.5,0,69.65500020980835,0.000,0.805,,901.6850875481313,901.6850875481313,34.827500104904175
euroc,V1_03_difficult,walk10,after_outage,0.5,0,69.65500020980835,,,,35.10347998488984,35.10347998488984,34.827500104904175
euroc,V1_03_difficult,default,after_outage,1.0,0,69.65500020980835,0.000,0.805,,901.6850875481313,901.6850875481313,69.65500020980835
euroc,V1_03_difficult,walk10,after_outage,1.0,0,69.65500020980835,,,,69.93008943963332,69.93008943963332,69.65500020980835
euroc,V1_03_difficult,default,after_outage,2.0,0,69.65500020980835,0.000,0.805,,901.6850875481313,901.6850875481313,139.3100004196167
euroc,V1_03_difficult,walk10,after_outage,2.0,0,69.65500020980835,,,,139.58450976022075,139.58450976022075,139.3100004196167
euroc,V2_01_easy,default,clean,0.0,0,77.0,,,,0.32022481174207207,1.3341437217867722,0.0
euroc,V2_01_easy,walk10,clean,0.0,0,77.0,,,,0.5365637240727805,1.4645440784671708,0.0
euroc,V2_01_easy,default,clean,0.05,0,77.0,,,,3.8163032575709015,4.063915922179783,3.85
euroc,V2_01_easy,walk10,clean,0.05,0,77.0,,,,3.6378857851756052,4.127869342095328,3.85
euroc,V2_01_easy,default,clean,0.2,0,77.0,,,,15.355456132942573,15.541266900716124,15.4
euroc,V2_01_easy,walk10,clean,0.2,0,77.0,,,,15.164340816326343,15.577143591821114,15.4
euroc,V2_01_easy,default,clean,0.5,0,77.0,,,,38.45142041804802,38.56615499740651,38.5
euroc,V2_01_easy,walk10,clean,0.5,0,77.0,,,,38.26341997059774,38.55731947290003,38.5
euroc,V2_01_easy,default,clean,1.0,0,77.0,,,,76.94692556275083,77.05868324174618,77.0
euroc,V2_01_easy,walk10,clean,1.0,0,77.0,,,,76.78070610539095,76.98419317307233,77.0
euroc,V2_01_easy,default,clean,2.0,0,77.0,3.000,,,153.93933814819746,154.04530547983143,154.0
euroc,V2_01_easy,walk10,clean,2.0,0,77.0,,,,153.86463501779514,154.0793609358667,154.0
euroc,V2_01_easy,default,after_outage,0.0,0,77.0,,,,0.32163951641760374,1.4108777432035282,0.0
euroc,V2_01_easy,walk10,after_outage,0.0,0,77.0,,,,0.5282089518560276,1.5462071352373181,0.0
euroc,V2_01_easy,default,after_outage,0.05,0,77.0,,,,3.811642511678315,4.056869512616632,3.85
euroc,V2_01_easy,walk10,after_outage,0.05,0,77.0,,,,3.658108770817949,4.1553378653377635,3.85
euroc,V2_01_easy,default,after_outage,0.2,0,77.0,,,,15.352316201802333,15.53651134266723,15.4
euroc,V2_01_easy,walk10,after_outage,0.2,0,77.0,,,,15.18912717789178,15.60778376432262,15.4
euroc,V2_01_easy,default,after_outage,0.5,0,77.0,,,,38.45156723170262,38.56633275105219,38.5
euroc,V2_01_easy,walk10,after_outage,0.5,0,77.0,,,,38.301410333912116,38.603855352249134,38.5
euroc,V2_01_easy,default,after_outage,1.0,0,77.0,,,,76.95283356296727,77.06520483817366,77.0
euroc,V2_01_easy,walk10,after_outage,1.0,0,77.0,,,,76.83942819666458,77.05390911144625,77.0
euroc,V2_01_easy,default,after_outage,2.0,0,77.0,5.200,,,153.95631128085486,154.06400756308412,154.0
euroc,V2_01_easy,walk10,after_outage,2.0,0,77.0,,,,153.93855852867995,154.16752998180314,154.0
euroc,V2_02_medium,default,clean,0.0,0,80.44999980926514,,,,0.7584048494234814,1.638530528587857,0.0
euroc,V2_02_medium,walk10,clean,0.0,0,80.44999980926514,,,,0.43121838981225974,1.3904928823310554,0.0
euroc,V2_02_medium,default,clean,0.05,0,80.44999980926514,,,,3.885474581673936,3.9910698591107283,4.022499990463257
euroc,V2_02_medium,walk10,clean,0.05,0,80.44999980926514,,,,3.992943472468775,4.053947611020032,4.022499990463257
euroc,V2_02_medium,default,clean,0.2,0,80.44999980926514,,,,15.905217627476254,15.905217627476254,16.089999961853028
euroc,V2_02_medium,walk10,clean,0.2,0,80.44999980926514,,,,16.042980945637094,16.042980945637094,16.089999961853028
euroc,V2_02_medium,default,clean,0.5,0,80.44999980926514,30.200,,,40.03821270378194,40.03821270378194,40.22499990463257
euroc,V2_02_medium,walk10,clean,0.5,0,80.44999980926514,,,,40.174232608961404,40.174232608961404,40.22499990463257
euroc,V2_02_medium,default,clean,1.0,0,80.44999980926514,30.200,,,80.27588698904225,80.27588698904225,80.44999980926514
euroc,V2_02_medium,walk10,clean,1.0,0,80.44999980926514,,,,80.39758611518778,80.39758611518778,80.44999980926514
euroc,V2_02_medium,default,clean,2.0,0,80.44999980926514,5.200,,,160.75576314191417,160.75576314191417,160.89999961853027
euroc,V2_02_medium,walk10,clean,2.0,0,80.44999980926514,,,,160.84591388576328,160.84591388576328,160.89999961853027
euroc,V2_02_medium,default,after_outage,0.0,0,80.44999980926514,,,,0.7601039544075862,1.621968217121094,0.0
euroc,V2_02_medium,walk10,after_outage,0.0,0,80.44999980926514,,,,0.43321474732019005,1.537996504770898,0.0
euroc,V2_02_medium,default,after_outage,0.05,0,80.44999980926514,,,,3.890396571133427,3.99023536801807,4.022499990463257
euroc,V2_02_medium,walk10,after_outage,0.05,0,80.44999980926514,,,,3.990942137065723,4.051917278001304,4.022499990463257
euroc,V2_02_medium,default,after_outage,0.2,0,80.44999980926514,,,,15.909622962962708,15.909622962962708,16.089999961853028
euroc,V2_02_medium,walk10,after_outage,0.2,0,80.44999980926514,,,,16.041036132282837,16.041036132282837,16.089999961853028
euroc,V2_02_medium,default,after_outage,0.5,0,80.44999980926514,30.200,,,40.04221495745064,40.04221495745064,40.22499990463257
euroc,V2_02_medium,walk10,after_outage,0.5,0,80.44999980926514,,,,40.17272246681481,40.17272246681481,40.22499990463257
euroc,V2_02_medium,default,after_outage,1.0,0,80.44999980926514,30.200,,,80.27918388270191,80.27918388270191,80.44999980926514
euroc,V2_02_medium,walk10,after_outage,1.0,0,80.44999980926514,,,,80.39699693185246,80.39699693185246,80.44999980926514
euroc,V2_02_medium,default,after_outage,2.0,0,80.44999980926514,5.200,,,160.7594817798287,160.7594817798287,160.89999961853027
euroc,V2_02_medium,walk10,after_outage,2.0,0,80.44999980926514,,,,160.84765341006639,160.84765341006639,160.89999961853027
euroc,V2_03_difficult,default,clean,0.0,0,79.84499979019165,,,,1.2752426085260775,1.4516379685314555,0.0
euroc,V2_03_difficult,walk10,clean,0.0,0,79.84499979019165,,,,0.7135658175980835,1.339805285577033,0.0
euroc,V2_03_difficult,default,clean,0.05,0,79.84499979019165,,,,3.3410659140527414,3.832990995661823,3.992249989509583
euroc,V2_03_difficult,walk10,clean,0.05,0,79.84499979019165,,,,3.7315617398063607,4.03619646062089,3.992249989509583
euroc,V2_03_difficult,default,clean,0.2,0,79.84499979019165,,,,15.197197638328825,15.20110189415645,15.968999958038331
euroc,V2_03_difficult,walk10,clean,0.2,0,79.84499979019165,,,,15.664576993975484,15.664576993975484,15.968999958038331
euroc,V2_03_difficult,default,clean,0.5,0,79.84499979019165,,,,39.125776629699516,39.125776629699516,39.922499895095825
euroc,V2_03_difficult,walk10,clean,0.5,0,79.84499979019165,,,,39.60612304743507,39.60612304743507,39.922499895095825
euroc,V2_03_difficult,default,clean,1.0,0,79.84499979019165,,,,79.03209768765542,79.03209768765542,79.84499979019165
euroc,V2_03_difficult,walk10,clean,1.0,0,79.84499979019165,,,,79.51578366479306,79.51578366479306,79.84499979019165
euroc,V2_03_difficult,default,clean,2.0,0,79.84499979019165,5.200,23.000,,474.4098951555485,474.4098951555485,159.6899995803833
euroc,V2_03_difficult,walk10,clean,2.0,0,79.84499979019165,,,,159.3259127493244,159.3259127493244,159.6899995803833
euroc,V2_03_difficult,default,after_outage,0.0,0,79.84499979019165,0.000,0.805,,781.4628905435172,781.4628905435172,0.0
euroc,V2_03_difficult,walk10,after_outage,0.0,0,79.84499979019165,,,,0.7136000959155083,1.5906952522196087,0.0
euroc,V2_03_difficult,default,after_outage,0.05,0,79.84499979019165,0.000,0.805,,781.4628905435172,781.4628905435172,3.992249989509583
euroc,V2_03_difficult,walk10,after_outage,0.05,0,79.84499979019165,,,,3.720952331240363,4.026024936702432,3.992249989509583
euroc,V2_03_difficult,default,after_outage,0.2,0,79.84499979019165,0.000,0.805,,781.4628905435172,781.4628905435172,15.968999958038331
euroc,V2_03_difficult,walk10,after_outage,0.2,0,79.84499979019165,,,,15.653760692156288,15.653760692156288,15.968999958038331
euroc,V2_03_difficult,default,after_outage,0.5,0,79.84499979019165,0.000,0.805,,781.4628905435172,781.4628905435172,39.922499895095825
euroc,V2_03_difficult,walk10,after_outage,0.5,0,79.84499979019165,,,,39.59313158057412,39.59313158057412,39.922499895095825
euroc,V2_03_difficult,default,after_outage,1.0,0,79.84499979019165,0.000,0.805,,781.4628905435172,781.4628905435172,79.84499979019165
euroc,V2_03_difficult,walk10,after_outage,1.0,0,79.84499979019165,,,,79.49852786052026,79.49852786052026,79.84499979019165
euroc,V2_03_difficult,default,after_outage,2.0,0,79.84499979019165,0.000,0.805,,781.4628905435172,781.4628905435172,159.6899995803833
euroc,V2_03_difficult,walk10,after_outage,2.0,0,79.84499979019165,,,,159.31590668677543,159.31590668677543,159.6899995803833
tumvi,room1,file,clean,0.0,0,106.02258610725403,,,,0.23450160833969622,0.8518273364442072,0.0
tumvi,room1,file-walk10,clean,0.0,0,106.02258610725403,,,,0.14935178253443065,1.1046761195022083,0.0
tumvi,room1,file,clean,0.05,0,106.02258610725403,,,,5.518655119789411,5.584322047787744,5.301129305362702
tumvi,room1,file-walk10,clean,0.05,0,106.02258610725403,,,,5.172093147326603,5.4165618559016435,5.301129305362702
tumvi,room1,file,clean,0.2,0,106.02258610725403,,,,21.406682530821413,21.406682530821413,21.204517221450807
tumvi,room1,file-walk10,clean,0.2,0,106.02258610725403,,,,21.07592308989722,21.07592308989722,21.204517221450807
tumvi,room1,file,clean,0.5,0,106.02258610725403,,,,53.18045404080046,53.18045404080046,53.011293053627014
tumvi,room1,file-walk10,clean,0.5,0,106.02258610725403,,,,52.883657074084894,52.883657074084894,53.011293053627014
tumvi,room1,file,clean,1.0,0,106.02258610725403,,,,106.13831603241519,106.13831603241519,106.02258610725403
tumvi,room1,file-walk10,clean,1.0,0,106.02258610725403,,,,105.89502135378841,105.89502135378841,106.02258610725403
tumvi,room1,file,clean,2.0,0,106.02258610725403,5.200,,,212.0974179082629,212.0974179082629,212.04517221450806
tumvi,room1,file-walk10,clean,2.0,0,106.02258610725403,,,,211.91195324922947,211.91195324922947,212.04517221450806
tumvi,room1,file,after_outage,0.0,0,106.02258610725403,,,,0.1874811255133295,1.6296799459512845,0.0
tumvi,room1,file-walk10,after_outage,0.0,0,106.02258610725403,,,,0.15018810829006102,1.6076455570396444,0.0
tumvi,room1,file,after_outage,0.05,0,106.02258610725403,,,,5.479821359693206,5.529454820504224,5.301129305362702
tumvi,room1,file-walk10,after_outage,0.05,0,106.02258610725403,,,,5.171562876515825,5.417656385649745,5.301129305362702
tumvi,room1,file,after_outage,0.2,0,106.02258610725403,,,,21.367971003855953,21.367971003855953,21.204517221450807
tumvi,room1,file-walk10,after_outage,0.2,0,106.02258610725403,,,,21.074229896944487,21.074229896944487,21.204517221450807
tumvi,room1,file,after_outage,0.5,0,106.02258610725403,,,,53.15070422281421,53.15070422281421,53.011293053627014
tumvi,room1,file-walk10,after_outage,0.5,0,106.02258610725403,,,,52.879880622511465,52.879880622511465,53.011293053627014
tumvi,room1,file,after_outage,1.0,0,106.02258610725403,,,,106.14867023606566,106.14867023606566,106.02258610725403
tumvi,room1,file-walk10,after_outage,1.0,0,106.02258610725403,,,,105.88903602782663,105.88903602782663,106.02258610725403
tumvi,room1,file,after_outage,2.0,0,106.02258610725403,5.200,,,212.1298397833151,212.1298397833151,212.04517221450806
tumvi,room1,file-walk10,after_outage,2.0,0,106.02258610725403,,,,211.9111299735329,211.9111299735329,212.04517221450806
tumvi,room2,file,clean,0.0,0,109.06208992004395,,,,0.25910424972551926,0.841237648730824,0.0
tumvi,room2,file-walk10,clean,0.0,0,109.06208992004395,,,,0.47451738428057544,1.0963796779528825,0.0
tumvi,room2,file,clean,0.05,0,109.06208992004395,,,,5.484942833506841,5.582968921379768,5.453104496002197
tumvi,room2,file-walk10,clean,0.05,0,109.06208992004395,,,,5.474560974601308,5.56905434512317,5.453104496002197
tumvi,room2,file,clean,0.2,0,109.06208992004395,,,,21.864310451329906,21.864310451329906,21.81241798400879
tumvi,room2,file-walk10,clean,0.2,0,109.06208992004395,,,,21.820065842644734,21.820065842644734,21.81241798400879
tumvi,room2,file,clean,0.5,0,109.06208992004395,,,,54.63656525013591,54.63656525013591,54.53104496002197
tumvi,room2,file-walk10,clean,0.5,0,109.06208992004395,,,,54.539753431133356,54.539753431133356,54.53104496002197
tumvi,room2,file,clean,1.0,0,109.06208992004395,5.202,,,109.2696345267868,109.2696345267868,109.06208992004395
tumvi,room2,file-walk10,clean,1.0,0,109.06208992004395,,,,109.0788565561548,109.0788565561548,109.06208992004395
tumvi,room2,file,clean,2.0,0,109.06208992004395,5.202,,,218.5987845252741,218.5987845252741,218.1241798400879
tumvi,room2,file-walk10,clean,2.0,0,109.06208992004395,5.202,,,218.16845763516048,218.16845763516048,218.1241798400879
tumvi,room2,file,after_outage,0.0,0,109.06208992004395,,,,0.26654827373783213,1.6299501569503574,0.0
tumvi,room2,file-walk10,after_outage,0.0,0,109.06208992004395,,,,0.4817413351416515,1.6600207932711568,0.0
tumvi,room2,file,after_outage,0.05,0,109.06208992004395,,,,5.476170902932798,5.584693064342382,5.453104496002197
tumvi,room2,file-walk10,after_outage,0.05,0,109.06208992004395,,,,5.472062636797305,5.566841897350435,5.453104496002197
tumvi,room2,file,after_outage,0.2,0,109.06208992004395,,,,21.815524457768802,21.815524457768802,21.81241798400879
tumvi,room2,file-walk10,after_outage,0.2,0,109.06208992004395,,,,21.81181039130908,21.81181039130908,21.81241798400879
tumvi,room2,file,after_outage,0.5,0,109.06208992004395,,,,54.50746293855237,54.50746293855237,54.53104496002197
tumvi,room2,file-walk10,after_outage,0.5,0,109.06208992004395,,,,54.518628105203796,54.518628105203796,54.53104496002197
tumvi,room2,file,after_outage,1.0,0,109.06208992004395,,,,109.00891319136403,109.00891319136403,109.06208992004395
tumvi,room2,file-walk10,after_outage,1.0,0,109.06208992004395,,,,109.02882324519071,109.02882324519071,109.06208992004395
tumvi,room2,file,after_outage,2.0,0,109.06208992004395,,,,218.0760821238239,218.0760821238239,218.1241798400879
tumvi,room2,file-walk10,after_outage,2.0,0,109.06208992004395,,,,218.02652233375164,218.02652233375164,218.1241798400879
tumvi,room3,file,clean,0.0,0,106.015207529068,,,,0.5978694523711356,1.2448150776459739,0.0
tumvi,room3,file-walk10,clean,0.0,0,106.015207529068,,,,0.34774095291298396,1.1973173868773983,0.0
tumvi,room3,file,clean,0.05,0,106.015207529068,,,,5.020529338724039,5.174475829572754,5.3007603764534
tumvi,room3,file-walk10,clean,0.05,0,106.015207529068,,,,5.145847103362097,5.3766898690995,5.3007603764534
tumvi,room3,file,clean,0.2,0,106.015207529068,,,,20.884817491829317,20.884817491829317,21.2030415058136
tumvi,room3,file-walk10,clean,0.2,0,106.015207529068,,,,21.039528159926753,21.039528159926753,21.2030415058136
tumvi,room3,file,clean,0.5,0,106.015207529068,,,,52.649125158160544,52.649125158160544,53.007603764534
tumvi,room3,file-walk10,clean,0.5,0,106.015207529068,,,,52.83877190866439,52.83877190866439,53.007603764534
tumvi,room3,file,clean,1.0,0,106.015207529068,,,,105.59270222001005,105.59270222001005,106.015207529068
tumvi,room3,file-walk10,clean,1.0,0,106.015207529068,,,,105.83736728777433,105.83736728777433,106.015207529068
tumvi,room3,file,clean,2.0,0,106.015207529068,5.201,,,211.48278325376148,211.48278325376148,212.030415058136
tumvi,room3,file-walk10,clean,2.0,0,106.015207529068,5.201,,,211.83349591808238,211.83349591808238,212.030415058136
tumvi,room3,file,after_outage,0.0,0,106.015207529068,,,,0.636719574939011,1.5255550174176977,0.0
tumvi,room3,file-walk10,after_outage,0.0,0,106.015207529068,,,,0.3477691870645734,1.5192670871973828,0.0
tumvi,room3,file,after_outage,0.05,0,106.015207529068,,,,5.086341161134524,5.314059143625921,5.3007603764534
tumvi,room3,file-walk10,after_outage,0.05,0,106.015207529068,,,,5.150692894479297,5.375521981088272,5.3007603764534
tumvi,room3,file,after_outage,0.2,0,106.015207529068,,,,20.94593677356887,20.94593677356887,21.2030415058136
tumvi,room3,file-walk10,after_outage,0.2,0,106.015207529068,,,,21.046864825846068,21.046864825846068,21.2030415058136
tumvi,room3,file,after_outage,0.5,0,106.015207529068,,,,52.71147309758426,52.71147309758426,53.007603764534
tumvi,room3,file-walk10,after_outage,0.5,0,106.015207529068,,,,52.85208952079388,52.85208952079388,53.007603764534
tumvi,room3,file,after_outage,1.0,0,106.015207529068,,,,105.65177037263736,105.65177037263736,106.015207529068
tumvi,room3,file-walk10,after_outage,1.0,0,106.015207529068,,,,105.86325512323651,105.86325512323651,106.015207529068
tumvi,room3,file,after_outage,2.0,0,106.015207529068,11.004,,,211.46301487351133,211.46301487351133,212.030415058136
tumvi,room3,file-walk10,after_outage,2.0,0,106.015207529068,,,,211.88943223945583,211.88943223945583,212.030415058136
tumvi,room4,file,clean,0.0,0,76.36247491836548,,,,0.25642036223036957,1.0257619996130887,0.0
tumvi,room4,file-walk10,clean,0.0,0,76.36247491836548,,,,0.3114705539645613,1.3302362102580627,0.0
tumvi,room4,file,clean,0.05,0,76.36247491836548,,,,3.9342610020327986,4.072620510153798,3.818123745918274
tumvi,room4,file-walk10,clean,0.05,0,76.36247491836548,,,,3.7454751442886263,4.017255538248601,3.818123745918274
tumvi,room4,file,clean,0.2,0,76.36247491836548,,,,15.36587538097129,15.451640244995636,15.272494983673097
tumvi,room4,file-walk10,clean,0.2,0,76.36247491836548,,,,15.188908181466465,15.352716676725452,15.272494983673097
tumvi,room4,file,clean,0.5,0,76.36247491836548,,,,38.23804578769918,38.27448993972706,38.18123745918274
tumvi,room4,file-walk10,clean,0.5,0,76.36247491836548,,,,38.09533394336065,38.20711642208263,38.18123745918274
tumvi,room4,file,clean,1.0,0,76.36247491836548,,,,76.35846517166824,76.35846517166824,76.36247491836548
tumvi,room4,file-walk10,clean,1.0,0,76.36247491836548,,,,76.28518395856297,76.31267422810923,76.36247491836548
tumvi,room4,file,clean,2.0,0,76.36247491836548,22.404,,,152.57919085238765,152.57919085238765,152.72494983673096
tumvi,room4,file-walk10,clean,2.0,0,76.36247491836548,,,,152.69130691065584,152.69130691065584,152.72494983673096
tumvi,room4,file,after_outage,0.0,0,76.36247491836548,,,,0.24630960777738098,1.6531500831627652,0.0
tumvi,room4,file-walk10,after_outage,0.0,0,76.36247491836548,,,,0.3129701969924793,1.6303705915297964,0.0
tumvi,room4,file,after_outage,0.05,0,76.36247491836548,,,,3.7988043892272416,3.935314261258594,3.818123745918274
tumvi,room4,file-walk10,after_outage,0.05,0,76.36247491836548,,,,3.7406499741164883,4.012920915123764,3.818123745918274
tumvi,room4,file,after_outage,0.2,0,76.36247491836548,,,,15.210312229449292,15.295181823872525,15.272494983673097
tumvi,room4,file-walk10,after_outage,0.2,0,76.36247491836548,,,,15.180981213402722,15.345324059458111,15.272494983673097
tumvi,room4,file,after_outage,0.5,0,76.36247491836548,,,,38.04210865635417,38.07804963918588,38.18123745918274
tumvi,room4,file-walk10,after_outage,0.5,0,76.36247491836548,,,,38.07859263068933,38.19129644926583,38.18123745918274
tumvi,room4,file,after_outage,1.0,0,76.36247491836548,,,,76.08252250631594,76.08252250631594,76.36247491836548
tumvi,room4,file-walk10,after_outage,1.0,0,76.36247491836548,,,,76.24469913187131,76.27433023740754,76.36247491836548
tumvi,room4,file,after_outage,2.0,0,76.36247491836548,28.203,38.204,,210.09289227060316,210.09289227060316,152.72494983673096
tumvi,room4,file-walk10,after_outage,2.0,0,76.36247491836548,,,,152.5749400471149,152.5749400471149,152.72494983673096
tumvi,room5,file,clean,0.0,0,107.31587028503418,,,,0.38093287539703363,1.5644745361926458,0.0
tumvi,room5,file-walk10,clean,0.0,0,107.31587028503418,,,,0.37616833982441317,1.3139334705572647,0.0
tumvi,room5,file,clean,0.05,0,107.31587028503418,,,,5.043648037260319,5.538902861065626,5.36579351425171
tumvi,room5,file-walk10,clean,0.05,0,107.31587028503418,,,,5.104408934417515,5.396158292365724,5.36579351425171
tumvi,room5,file,clean,0.2,0,107.31587028503418,,,,21.133091727674582,21.15286071585352,21.46317405700684
tumvi,room5,file-walk10,clean,0.2,0,107.31587028503418,,,,21.19611957108472,21.230319004978867,21.46317405700684
tumvi,room5,file,clean,0.5,0,107.31587028503418,,,,53.31689493642442,53.31689493642442,53.65793514251709
tumvi,room5,file-walk10,clean,0.5,0,107.31587028503418,,,,53.3891984329294,53.3891984329294,53.65793514251709
tumvi,room5,file,clean,1.0,0,107.31587028503418,,,,106.95328369534286,106.95328369534286,107.31587028503418
tumvi,room5,file-walk10,clean,1.0,0,107.31587028503418,,,,107.04643409840686,107.04643409840686,107.31587028503418
tumvi,room5,file,clean,2.0,0,107.31587028503418,6.200,,,214.196688950097,214.196688950097,214.63174057006836
tumvi,room5,file-walk10,clean,2.0,0,107.31587028503418,6.200,,,214.3641812829647,214.3641812829647,214.63174057006836
tumvi,room5,file,after_outage,0.0,0,107.31587028503418,12.600,59.000,,783.2324066870794,783.2324066870794,0.0
tumvi,room5,file-walk10,after_outage,0.0,0,107.31587028503418,,,,0.39591550096811085,1.5676565511855813,0.0
tumvi,room5,file,after_outage,0.05,0,107.31587028503418,12.600,59.000,,781.6854100193449,781.6854100193449,5.36579351425171
tumvi,room5,file-walk10,after_outage,0.05,0,107.31587028503418,,,,5.0924622618171576,5.3789790823441415,5.36579351425171
tumvi,room5,file,after_outage,0.2,0,107.31587028503418,12.600,59.803,,731.865438850526,731.865438850526,21.46317405700684
tumvi,room5,file-walk10,after_outage,0.2,0,107.31587028503418,,,,21.183791214582318,21.2162196855517,21.46317405700684
tumvi,room5,file,after_outage,0.5,0,107.31587028503418,12.600,59.803,,719.8608675899113,719.8608675899113,53.65793514251709
tumvi,room5,file-walk10,after_outage,0.5,0,107.31587028503418,,,,53.37705926514359,53.37705926514359,53.65793514251709
tumvi,room5,file,after_outage,1.0,0,107.31587028503418,12.600,60.600,,680.2491986840441,680.2491986840441,107.31587028503418
tumvi,room5,file-walk10,after_outage,1.0,0,107.31587028503418,,,,107.03421741533334,107.03421741533334,107.31587028503418
tumvi,room5,file,after_outage,2.0,0,107.31587028503418,11.000,,,214.06383765243348,214.06383765243348,214.63174057006836
tumvi,room5,file-walk10,after_outage,2.0,0,107.31587028503418,,,,214.34971259325738,214.34971259325738,214.63174057006836
tumvi,room6,file,clean,0.0,0,95.82153820991516,8.005,,,0.13631599052986024,1.753723599868572,0.0
tumvi,room6,file-walk10,clean,0.0,0,95.82153820991516,,,,0.5458766126024156,1.2267954077656777,0.0
tumvi,room6,file,clean,0.05,0,95.82153820991516,8.005,,,4.664824085347344,4.664824085347344,4.791076910495758
tumvi,room6,file-walk10,clean,0.05,0,95.82153820991516,,,,4.8309911458232575,4.8309911458232575,4.791076910495758
tumvi,room6,file,clean,0.2,0,95.82153820991516,8.005,,,19.047748229619433,19.047748229619433,19.164307641983033
tumvi,room6,file-walk10,clean,0.2,0,95.82153820991516,,,,19.18130247887762,19.18130247887762,19.164307641983033
tumvi,room6,file,clean,0.5,0,95.82153820991516,8.005,,,47.814414404537615,47.814414404537615,47.91076910495758
tumvi,room6,file-walk10,clean,0.5,0,95.82153820991516,,,,47.92331026087063,47.92331026087063,47.91076910495758
tumvi,room6,file,clean,1.0,0,95.82153820991516,8.005,,,95.76111508550163,95.76111508550163,95.82153820991516
tumvi,room6,file-walk10,clean,1.0,0,95.82153820991516,,,,95.8321044991885,95.8321044991885,95.82153820991516
tumvi,room6,file,clean,2.0,0,95.82153820991516,8.005,14.204,,888.8212744350244,888.8212744350244,191.64307641983032
tumvi,room6,file-walk10,clean,2.0,0,95.82153820991516,,,,191.64956264383923,191.64956264383923,191.64307641983032
tumvi,room6,file,after_outage,0.0,0,95.82153820991516,,,,0.0934363014780744,1.669349924012714,0.0
tumvi,room6,file-walk10,after_outage,0.0,0,95.82153820991516,,,,0.547090248099748,1.688185682788696,0.0
tumvi,room6,file,after_outage,0.05,0,95.82153820991516,,,,4.719607354912005,4.719607354912005,4.791076910495758
tumvi,room6,file-walk10,after_outage,0.05,0,95.82153820991516,,,,4.841805566640398,4.841805566640398,4.791076910495758
tumvi,room6,file,after_outage,0.2,0,95.82153820991516,,,,19.109697898373206,19.109697898373206,19.164307641983033
tumvi,room6,file-walk10,after_outage,0.2,0,95.82153820991516,,,,19.191850347676482,19.191850347676482,19.164307641983033
tumvi,room6,file,after_outage,0.5,0,95.82153820991516,,,,47.886339874634096,47.886339874634096,47.91076910495758
tumvi,room6,file-walk10,after_outage,0.5,0,95.82153820991516,,,,47.933449262385594,47.933449262385594,47.91076910495758
tumvi,room6,file,after_outage,1.0,0,95.82153820991516,,,,95.83460281490903,95.83460281490903,95.82153820991516
tumvi,room6,file-walk10,after_outage,1.0,0,95.82153820991516,,,,95.84181797275438,95.84181797275438,95.82153820991516
tumvi,room6,file,after_outage,2.0,0,95.82153820991516,,,,191.680159120141,191.680159120141,191.64307641983032
tumvi,room6,file-walk10,after_outage,2.0,0,95.82153820991516,,,,191.65853992667812,191.65853992667812,191.64307641983032
