sequence,dataset,imu_rate_hz,imu_jitter_ms,imu_max_gap_ms,imu_long_gaps,truth_rate_hz,truth_jitter_ms,truth_max_gap_ms,truth_gap_fraction,offset_ms,offset_magnitude_ms,correlation_peak,correlation_at_zero,median_speed_m_s,offset_displacement_mm
MH_01_easy,EuRoC MAV,199.999999968918,0.00015258260496790074,5.00035285949707,0,200.0000000314562,0.0001449367023897424,5.00035285949707,0.0,0.00036911492748619736,-0.06203524081804123,0.9887065384197138,0.9887065384197138,0.4461308834338704,0.00016467356868804625
MH_02_easy,EuRoC MAV,199.99999983686615,0.00015258874349158093,5.00035285949707,0,199.9999999491238,0.00014882307138708474,5.00035285949707,0.0,-0.0002987576883293139,-0.08097670910159149,0.9886641801798903,0.9886641801798903,0.5027088301850287,0.00015018812800881277
MH_03_medium,EuRoC MAV,200.00000022599755,0.00015258034236890735,5.00035285949707,0,200.000000188552,0.00015258690473019646,5.00035285949707,0.0,2.884670164019449e-05,-0.0013772982161755374,0.9931897478854358,0.9931897478854358,0.9748903624537708,2.812237141760499e-05
MH_04_difficult,EuRoC MAV,199.99999947432687,0.000152577945360453,5.00035285949707,0,200.00000001931295,0.00014496343415664758,5.00035285949707,0.0,8.10090779824692e-05,0.09168181541094546,0.988639953132376,0.988639953132376,0.9737879741617269,7.888566593725804e-05
MH_05_difficult,EuRoC MAV,199.99999974814938,0.00015262704037252955,5.00035285949707,0,199.99999987977634,0.0001409596232623079,5.00035285949707,0.0,0.00018390484388112585,-0.04083366018568862,0.9891981637714076,0.9891981637714076,0.8970265084611659,0.00016496751999578213
V1_01_easy,EuRoC MAV,199.9999999606989,0.00015256841281027404,5.00035285949707,0,199.99999990699425,0.00014493685532587897,5.00035285949707,0.0,0.0272545010062834,-0.056341704593699055,0.9900366832108397,0.9900366832108397,0.3968301272341105,0.010815407102025634
V1_02_medium,EuRoC MAV,200.0000002677137,0.00015258984254486576,5.00035285949707,0,200.0000002969347,0.00014494478231157678,5.00035285949707,0.0,-0.04334850649464871,-0.03092345612137189,0.9977593986895831,0.9977593986895831,0.9243809900526774,0.040070535350828294
V1_03_difficult,EuRoC MAV,200.00000021292325,0.00015258944308953922,5.00035285949707,0,199.99999959904764,0.00015261462760329873,5.00035285949707,0.0,0.002717880279609579,0.018138653034710073,0.9941560002805077,0.9941560002805077,0.7591414961538112,0.002063255701829755
V2_01_easy,EuRoC MAV,199.9999997824858,0.00015258902776762664,5.00035285949707,0,200.0,0.000152587890625,5.00035285949707,0.0,0.010313356602150622,-0.008506830655406483,0.9904479315337127,0.9904479315337127,0.3111226613716847,0.0032087189537363366
V2_02_medium,EuRoC MAV,199.9999997076736,0.00015260161800859746,5.00035285949707,0,200.00000033041985,0.0001526010549997675,5.00035285949707,0.0,-0.012786893889624272,-0.010757298204022544,0.9982861887517466,0.9982861887517466,0.6911079072916182,0.00883712347681821
V2_03_difficult,EuRoC MAV,199.99999954293497,0.00015262706217051677,5.00035285949707,0,199.99999995017592,0.00015262806896570465,5.00035285949707,0.0,-1.5346921416869992,-1.7303750580045811,0.9960973645754156,0.9957277976398846,0.6892224695303617,1.0577443078623534
room1,TUM VI,199.3684132402088,0.0011277274101622649,5.036115646362305,0,117.28417038559502,10.961538831140013,1058.332920074463,0.017727355134625925,-1.13696013077357,1.7685395366044359,0.9854932469124462,0.9854799391155318,1.0624003402339732,1.2079068297663034
room2,TUM VI,199.37216801682214,0.0011208715012415863,5.037069320678711,0,107.42248945778496,38.37426529202919,2491.6670322418213,0.09844979704966011,1.8785631892535497,2.1205776060719006,0.9315120865595665,0.931269951486673,1.0760758999722293,2.021476574530715
room3,TUM VI,199.37650317634638,0.0011051541266341577,5.036115646362305,0,107.78158574862694,30.972112224881208,1991.6658401489258,0.08952838873851122,0.0611539877661105,-0.1856429797714525,0.9506646947529758,0.9506646947529758,1.1519272454735525,0.070444944677139
room4,TUM VI,199.37760322757214,0.0010675189980501516,5.035877227783203,0,117.39599009604791,6.432371653023253,483.3338260650635,0.013543848105695797,1.6853143480905546,2.0445943106580993,0.9775291680836538,0.9774969415058747,0.6184607111331455,1.042300710202978
room5,TUM VI,199.37483995050306,0.001083540447880595,5.037069320678711,0,119.43787374080856,1.8827180400746875,166.66579246520996,0.0029277455402761756,-0.06955848722853367,0.7999099892920611,0.9911142393079992,0.9911142393079992,0.9600944322015225,0.06678271630047589
room6,TUM VI,199.3803834494791,0.0010875995333347681,5.034923553466797,0,116.51442762808455,25.478292297692175,3150.001049041748,0.024077974759362665,1.1134982976755075,-1.3137992649096015,0.9500127954332147,0.9498188798687778,0.5571383952065296,0.6203726546321349
