front_end,dataset,sequence,config,arm,rate_m_s,seed,after_onset_s,first_over_gate_s,fault_s,reaccept_s,final_error_m,max_error_m,final_offset_m
independent,euroc,MH_01_easy,walk10,clean,0.0,0,146.90499997138977,,,,0.487655383687325,0.8535511800716792,0.0
independent,euroc,MH_01_easy,walk10,clean,0.05,0,146.90499997138977,,,,7.624416040722366,7.667629374800784,7.345249998569489
independent,euroc,MH_01_easy,walk10,clean,0.2,0,146.90499997138977,,,,29.459315583185667,29.463202311124377,29.380999994277957
independent,euroc,MH_01_easy,walk10,clean,0.5,0,146.90499997138977,,,,73.13283065367153,73.14010191652123,73.45249998569489
independent,euroc,MH_01_easy,walk10,clean,1.0,0,146.90499997138977,5.205,38.405,,24.240335966494737,40.084741407500715,146.90499997138977
independent,euroc,MH_01_easy,walk10,clean,2.0,0,146.90499997138977,3.005,6.005,,8.787983732730563,9.19453832208556,293.80999994277954
independent,euroc,MH_01_easy,walk10,after_outage,0.0,0,146.90499997138977,,,,0.4876345583022052,1.2569315914314907,0.0
independent,euroc,MH_01_easy,walk10,after_outage,0.05,0,146.90499997138977,,,,7.6243798697336445,7.667595763592087,7.345249998569489
independent,euroc,MH_01_easy,walk10,after_outage,0.2,0,146.90499997138977,,,,29.45926675818099,29.4631530176673,29.380999994277957
independent,euroc,MH_01_easy,walk10,after_outage,0.5,0,146.90499997138977,,,,73.13270958572707,73.13997973862597,73.45249998569489
independent,euroc,MH_01_easy,walk10,after_outage,1.0,0,146.90499997138977,5.205,38.405,,24.154661531604848,40.103634590218974,146.90499997138977
independent,euroc,MH_01_easy,walk10,after_outage,2.0,0,146.90499997138977,4.605,6.005,,8.774239833787933,9.117100792327722,293.80999994277954
correlated,euroc,MH_01_easy,walk10,clean,0.0,0,146.90499997138977,,,,0.5351180135080132,1.3231774241244307,0.0
correlated,euroc,MH_01_easy,walk10,clean,0.05,0,146.90499997138977,,,,7.727759986453342,7.742446477269377,7.345249998569489
correlated,euroc,MH_01_easy,walk10,clean,0.2,0,146.90499997138977,,,,29.731472350682825,29.731472350682825,29.380999994277957
correlated,euroc,MH_01_easy,walk10,clean,0.5,0,146.90499997138977,,,,73.75196406382504,73.75196406382504,73.45249998569489
correlated,euroc,MH_01_easy,walk10,clean,1.0,0,146.90499997138977,,,,147.1296161785542,147.1296161785542,146.90499997138977
correlated,euroc,MH_01_easy,walk10,clean,2.0,0,146.90499997138977,,,,293.9312056596963,293.9312056596963,293.80999994277954
correlated,euroc,MH_01_easy,walk10,after_outage,0.0,0,146.90499997138977,,,,0.5353218340124991,1.6393453488356693,0.0
correlated,euroc,MH_01_easy,walk10,after_outage,0.05,0,146.90499997138977,,,,7.728306020560577,7.743238029744925,7.345249998569489
correlated,euroc,MH_01_easy,walk10,after_outage,0.2,0,146.90499997138977,,,,29.732145752101477,29.732145752101477,29.380999994277957
correlated,euroc,MH_01_easy,walk10,after_outage,0.5,0,146.90499997138977,,,,73.75309121998107,73.75309121998107,73.45249998569489
correlated,euroc,MH_01_easy,walk10,after_outage,1.0,0,146.90499997138977,,,,147.1336492379389,147.1336492379389,146.90499997138977
correlated,euroc,MH_01_easy,walk10,after_outage,2.0,0,146.90499997138977,,,,293.9617213697741,293.9617213697741,293.80999994277954
independent,euroc,MH_02_easy,walk10,clean,0.0,0,114.95499992370605,,,,0.164370954142703,0.9064387368366453,0.0
independent,euroc,MH_02_easy,walk10,clean,0.05,0,114.95499992370605,,,,5.648442496001264,5.83001109619131,5.747749996185303
independent,euroc,MH_02_easy,walk10,clean,0.2,0,114.95499992370605,,,,22.68391053255566,22.693201469508654,22.99099998474121
independent,euroc,MH_02_easy,walk10,clean,0.5,0,114.95499992370605,82.600,,,56.75436739044219,56.762396127840766,57.47749996185303
independent,euroc,MH_02_easy,walk10,clean,1.0,0,114.95499992370605,5.200,73.000,,62.263690009405714,71.97030559512011,114.95499992370605
independent,euroc,MH_02_easy,walk10,clean,2.0,0,114.95499992370605,3.000,6.000,,8.242182469739486,8.643262251341456,229.9099998474121
independent,euroc,MH_02_easy,walk10,after_outage,0.0,0,114.95499992370605,,,,0.16437356221068086,1.2464574105037813,0.0
independent,euroc,MH_02_easy,walk10,after_outage,0.05,0,114.95499992370605,,,,5.648425183446686,5.8299278662643195,5.747749996185303
independent,euroc,MH_02_easy,walk10,after_outage,0.2,0,114.95499992370605,,,,22.683936722225564,22.693225797243127,22.99099998474121
independent,euroc,MH_02_easy,walk10,after_outage,0.5,0,114.95499992370605,82.600,,,56.75436462612487,56.76238777024308,57.47749996185303
independent,euroc,MH_02_easy,walk10,after_outage,1.0,0,114.95499992370605,5.200,73.000,,62.03093455424972,72.02228789376436,114.95499992370605
independent,euroc,MH_02_easy,walk10,after_outage,2.0,0,114.95499992370605,4.600,6.000,,8.060357879766338,8.527979550062243,229.9099998474121
correlated,euroc,MH_02_easy,walk10,clean,0.0,0,114.95499992370605,,,,0.36702636747316647,1.2656716491911206,0.0
correlated,euroc,MH_02_easy,walk10,clean,0.05,0,114.95499992370605,,,,5.728535811088402,6.0384248408490215,5.747749996185303
correlated,euroc,MH_02_easy,walk10,clean,0.2,0,114.95499992370605,,,,22.940209094891987,22.940209094891987,22.99099998474121
correlated,euroc,MH_02_easy,walk10,clean,0.5,0,114.95499992370605,,,,57.38040018848668,57.38040018848668,57.47749996185303
correlated,euroc,MH_02_easy,walk10,clean,1.0,0,114.95499992370605,,,,114.78701120063147,114.78701120063147,114.95499992370605
correlated,euroc,MH_02_easy,walk10,clean,2.0,0,114.95499992370605,,,,229.6175094125328,229.6175094125328,229.9099998474121
correlated,euroc,MH_02_easy,walk10,after_outage,0.0,0,114.95499992370605,,,,0.3667635197252786,1.6841376510580002,0.0
correlated,euroc,MH_02_easy,walk10,after_outage,0.05,0,114.95499992370605,,,,5.728987782845509,6.033001164291883,5.747749996185303
correlated,euroc,MH_02_easy,walk10,after_outage,0.2,0,114.95499992370605,,,,22.940683278647494,22.940683278647494,22.99099998474121
correlated,euroc,MH_02_easy,walk10,after_outage,0.5,0,114.95499992370605,,,,57.381087097582636,57.381087097582636,57.47749996185303
correlated,euroc,MH_02_easy,walk10,after_outage,1.0,0,114.95499992370605,,,,114.78936444575211,114.78936444575211,114.95499992370605
correlated,euroc,MH_02_easy,walk10,after_outage,2.0,0,114.95499992370605,,,,229.63515452763977,229.63515452763977,229.9099998474121
independent,euroc,MH_03_medium,walk10,clean,0.0,0,96.50499987602234,,,,0.3888108236995825,0.9048383201327469,0.0
independent,euroc,MH_03_medium,walk10,clean,0.05,0,96.50499987602234,,,,4.987000057115456,4.987000057115456,4.825249993801117
independent,euroc,MH_03_medium,walk10,clean,0.2,0,96.50499987602234,,,,19.237414831389827,19.237414831389827,19.30099997520447
independent,euroc,MH_03_medium,walk10,clean,0.5,0,96.50499987602234,82.605,,,47.74814692966169,47.74814692966169,48.25249993801117
independent,euroc,MH_03_medium,walk10,clean,1.0,0,96.50499987602234,5.200,,,95.20879846579663,95.20879846579663,96.50499987602234
independent,euroc,MH_03_medium,walk10,clean,2.0,0,96.50499987602234,4.605,6.000,,4.908944329819502,10.11545371244095,193.00999975204468
independent,euroc,MH_03_medium,walk10,after_outage,0.0,0,96.50499987602234,,,,0.3887923440707638,1.1317769077468547,0.0
independent,euroc,MH_03_medium,walk10,after_outage,0.05,0,96.50499987602234,,,,4.986967856834112,4.986967856834112,4.825249993801117
independent,euroc,MH_03_medium,walk10,after_outage,0.2,0,96.50499987602234,,,,19.237424109156947,19.237424109156947,19.30099997520447
independent,euroc,MH_03_medium,walk10,after_outage,0.5,0,96.50499987602234,82.605,,,47.74822931678034,47.74822931678034,48.25249993801117
independent,euroc,MH_03_medium,walk10,after_outage,1.0,0,96.50499987602234,5.200,,,95.20891897604936,95.20891897604936,96.50499987602234
independent,euroc,MH_03_medium,walk10,after_outage,2.0,0,96.50499987602234,4.605,5.405,,5.169221991252844,12.40711862708125,193.00999975204468
correlated,euroc,MH_03_medium,walk10,clean,0.0,0,96.50499987602234,,,,0.7246635932419472,1.400613878648691,0.0
correlated,euroc,MH_03_medium,walk10,clean,0.05,0,96.50499987602234,,,,5.275179632537376,5.275179632537376,4.825249993801117
correlated,euroc,MH_03_medium,walk10,clean,0.2,0,96.50499987602234,,,,19.70495186268812,19.70495186268812,19.30099997520447
correlated,euroc,MH_03_medium,walk10,clean,0.5,0,96.50499987602234,,,,48.60733535997673,48.60733535997673,48.25249993801117
correlated,euroc,MH_03_medium,walk10,clean,1.0,0,96.50499987602234,,,,96.78478651602408,96.78478651602408,96.50499987602234
correlated,euroc,MH_03_medium,walk10,clean,2.0,0,96.50499987602234,,,,193.14260224053683,193.14260224053683,193.00999975204468
correlated,euroc,MH_03_medium,walk10,after_outage,0.0,0,96.50499987602234,,,,0.724518353783463,1.4441143037757822,0.0
correlated,euroc,MH_03_medium,walk10,after_outage,0.05,0,96.50499987602234,,,,5.274902545186994,5.274902545186994,4.825249993801117
correlated,euroc,MH_03_medium,walk10,after_outage,0.2,0,96.50499987602234,,,,19.704787896760855,19.704787896760855,19.30099997520447
correlated,euroc,MH_03_medium,walk10,after_outage,0.5,0,96.50499987602234,,,,48.607428612482614,48.607428612482614,48.25249993801117
correlated,euroc,MH_03_medium,walk10,after_outage,1.0,0,96.50499987602234,5.200,,,96.7853596395792,96.7853596395792,96.50499987602234
correlated,euroc,MH_03_medium,walk10,after_outage,2.0,0,96.50499987602234,5.200,,,193.1448002189789,193.1448002189789,193.00999975204468
independent,euroc,MH_04_difficult,walk10,clean,0.0,0,63.75999999046326,,,,0.3492169898570898,0.9834438525818784,0.0
independent,euroc,MH_04_difficult,walk10,clean,0.05,0,63.75999999046326,,,,3.085143109455715,3.3183613500075495,3.187999999523163
independent,euroc,MH_04_difficult,walk10,clean,0.2,0,63.75999999046326,,,,12.41553646725045,12.45398844264484,12.751999998092652
independent,euroc,MH_04_difficult,walk10,clean,0.5,0,63.75999999046326,,,,31.10112503491641,31.12626532790059,31.87999999523163
independent,euroc,MH_04_difficult,walk10,clean,1.0,0,63.75999999046326,5.200,,,62.24235918906076,62.27243057191124,63.75999999046326
independent,euroc,MH_04_difficult,walk10,clean,2.0,0,63.75999999046326,5.200,8.000,,7.575154563096572,14.122558545317473,127.51999998092651
independent,euroc,MH_04_difficult,walk10,after_outage,0.0,0,63.75999999046326,,,,0.34918255216541005,0.984302933515061,0.0
independent,euroc,MH_04_difficult,walk10,after_outage,0.05,0,63.75999999046326,,,,3.0851042547329603,3.318512573731998,3.187999999523163
independent,euroc,MH_04_difficult,walk10,after_outage,0.2,0,63.75999999046326,,,,12.415516326704038,12.453979331925947,12.751999998092652
independent,euroc,MH_04_difficult,walk10,after_outage,0.5,0,63.75999999046326,,,,31.101242115412514,31.12637299285915,31.87999999523163
independent,euroc,MH_04_difficult,walk10,after_outage,1.0,0,63.75999999046326,5.200,,,62.24406022386717,62.27412366833173,63.75999999046326
independent,euroc,MH_04_difficult,walk10,after_outage,2.0,0,63.75999999046326,5.200,6.000,,4.711651963552773,10.168031479143677,127.51999998092651
correlated,euroc,MH_04_difficult,walk10,clean,0.0,0,63.75999999046326,,,,0.5103163645647155,1.2848020477083821,0.0
correlated,euroc,MH_04_difficult,walk10,clean,0.05,0,63.75999999046326,,,,3.1054566235132004,3.6505828739689568,3.187999999523163
correlated,euroc,MH_04_difficult,walk10,clean,0.2,0,63.75999999046326,,,,12.614368277656201,12.704989089754273,12.751999998092652
correlated,euroc,MH_04_difficult,walk10,clean,0.5,0,63.75999999046326,,,,31.68678432635174,31.68678432635174,31.87999999523163
correlated,euroc,MH_04_difficult,walk10,clean,1.0,0,63.75999999046326,,,,63.48180889334867,63.48180889334867,63.75999999046326
correlated,euroc,MH_04_difficult,walk10,clean,2.0,0,63.75999999046326,,,,127.07427607167946,127.07427607167946,127.51999998092651
correlated,euroc,MH_04_difficult,walk10,after_outage,0.0,0,63.75999999046326,0.000,,,0.5068362511527325,15.844238663421116,0.0
correlated,euroc,MH_04_difficult,walk10,after_outage,0.05,0,63.75999999046326,0.000,,,3.110305176696414,15.844238663421116,3.187999999523163
correlated,euroc,MH_04_difficult,walk10,after_outage,0.2,0,63.75999999046326,0.000,,,12.620683075137645,15.844238663421116,12.751999998092652
correlated,euroc,MH_04_difficult,walk10,after_outage,0.5,0,63.75999999046326,0.000,,,31.694857755597507,31.694857755597507,31.87999999523163
correlated,euroc,MH_04_difficult,walk10,after_outage,1.0,0,63.75999999046326,0.000,,,63.49217655796179,63.49217655796179,63.75999999046326
correlated,euroc,MH_04_difficult,walk10,after_outage,2.0,0,63.75999999046326,0.000,,,127.0909623979507,127.0909623979507,127.51999998092651
independent,euroc,MH_05_difficult,walk10,clean,0.0,0,76.0550000667572,,,,0.4503620879970742,0.9474241311365458,0.0
independent,euroc,MH_05_difficult,walk10,clean,0.05,0,76.0550000667572,,,,3.9473051850862335,4.029346753076628,3.8027500033378603
independent,euroc,MH_05_difficult,walk10,clean,0.2,0,76.0550000667572,,,,15.1339479949971,15.140714105539175,15.211000013351441
independent,euroc,MH_05_difficult,walk10,clean,0.5,0,76.0550000667572,,,,37.53335908495253,37.542543126413314,38.0275000333786
independent,euroc,MH_05_difficult,walk10,clean,1.0,0,76.0550000667572,5.200,,,74.53681914444873,74.55056491342488,76.0550000667572
independent,euroc,MH_05_difficult,walk10,clean,2.0,0,76.0550000667572,4.600,6.000,,6.7644306948596595,10.017553758504596,152.1100001335144
independent,euroc,MH_05_difficult,walk10,after_outage,0.0,0,76.0550000667572,,,,0.4502648698797839,0.9426125553188445,0.0
independent,euroc,MH_05_difficult,walk10,after_outage,0.05,0,76.0550000667572,,,,3.947197877118248,4.029209322455624,3.8027500033378603
independent,euroc,MH_05_difficult,walk10,after_outage,0.2,0,76.0550000667572,,,,15.133811105780559,15.140575156587968,15.211000013351441
independent,euroc,MH_05_difficult,walk10,after_outage,0.5,0,76.0550000667572,,,,37.53320390770227,37.54238649074986,38.0275000333786
independent,euroc,MH_05_difficult,walk10,after_outage,1.0,0,76.0550000667572,5.200,,,74.53608090853811,74.5498380643993,76.0550000667572
independent,euroc,MH_05_difficult,walk10,after_outage,2.0,0,76.0550000667572,4.600,6.000,,5.533045694244319,11.176113996386162,152.1100001335144
correlated,euroc,MH_05_difficult,walk10,clean,0.0,0,76.0550000667572,,,,0.6657019933121511,1.2815941703607074,0.0
correlated,euroc,MH_05_difficult,walk10,clean,0.05,0,76.0550000667572,,,,3.950942280477585,4.0566212268691455,3.8027500033378603
correlated,euroc,MH_05_difficult,walk10,clean,0.2,0,76.0550000667572,,,,15.29700885953687,15.328924790590428,15.211000013351441
correlated,euroc,MH_05_difficult,walk10,clean,0.5,0,76.0550000667572,,,,38.06285760094129,38.06285760094129,38.0275000333786
correlated,euroc,MH_05_difficult,walk10,clean,1.0,0,76.0550000667572,,,,76.01771006770629,76.01771006770629,76.0550000667572
correlated,euroc,MH_05_difficult,walk10,clean,2.0,0,76.0550000667572,,,,151.9320979210662,151.9320979210662,152.1100001335144
correlated,euroc,MH_05_difficult,walk10,after_outage,0.0,0,76.0550000667572,,,,0.6674782124907233,1.2868459005019626,0.0
correlated,euroc,MH_05_difficult,walk10,after_outage,0.05,0,76.0550000667572,,,,3.962799119908224,4.059857445889044,3.8027500033378603
correlated,euroc,MH_05_difficult,walk10,after_outage,0.2,0,76.0550000667572,,,,15.308812222048902,15.342660017472252,15.211000013351441
correlated,euroc,MH_05_difficult,walk10,after_outage,0.5,0,76.0550000667572,,,,38.07431516474823,38.07431516474823,38.0275000333786
correlated,euroc,MH_05_difficult,walk10,after_outage,1.0,0,76.0550000667572,,,,76.028679529476,76.028679529476,76.0550000667572
correlated,euroc,MH_05_difficult,walk10,after_outage,2.0,0,76.0550000667572,,,,151.94355704710534,151.94355704710534,152.1100001335144
independent,euroc,V1_01_easy,walk10,clean,0.0,0,108.5550000667572,,,,0.22967157072581945,0.9834002598054961,0.0
independent,euroc,V1_01_easy,walk10,clean,0.05,0,108.5550000667572,,,,5.369266964433357,5.4551012564458485,5.42775000333786
independent,euroc,V1_01_easy,walk10,clean,0.2,0,108.5550000667572,,,,21.42361896566525,21.466924939015946,21.71100001335144
independent,euroc,V1_01_easy,walk10,clean,0.5,0,108.5550000667572,,,,53.53937292816479,53.542350234347154,54.2775000333786
independent,euroc,V1_01_easy,walk10,clean,1.0,0,108.5550000667572,5.200,,,107.07074025877279,107.07700609569365,108.5550000667572
independent,euroc,V1_01_easy,walk10,clean,2.0,0,108.5550000667572,4.600,6.000,,4.36796689861729,8.471704000666408,217.1100001335144
independent,euroc,V1_01_easy,walk10,after_outage,0.0,0,108.5550000667572,,,,0.22973064857639858,0.9804198159651653,0.0
independent,euroc,V1_01_easy,walk10,after_outage,0.05,0,108.5550000667572,,,,5.36914243781767,5.455062148634711,5.42775000333786
independent,euroc,V1_01_easy,walk10,after_outage,0.2,0,108.5550000667572,,,,21.423468690800856,21.46682902398895,21.71100001335144
independent,euroc,V1_01_easy,walk10,after_outage,0.5,0,108.5550000667572,,,,53.53916855590069,53.54212019131123,54.2775000333786
independent,euroc,V1_01_easy,walk10,after_outage,1.0,0,108.5550000667572,5.200,,,107.0705592908393,107.07680194552822,108.5550000667572
independent,euroc,V1_01_easy,walk10,after_outage,2.0,0,108.5550000667572,4.600,6.000,,3.9557882775534594,8.354282463600406,217.1100001335144
correlated,euroc,V1_01_easy,walk10,clean,0.0,0,108.5550000667572,,,,0.3700859539534092,1.3225016900920443,0.0
correlated,euroc,V1_01_easy,walk10,clean,0.05,0,108.5550000667572,,,,5.402146992541651,5.621575800859348,5.42775000333786
correlated,euroc,V1_01_easy,walk10,clean,0.2,0,108.5550000667572,,,,21.6540991833296,21.81330966649476,21.71100001335144
correlated,euroc,V1_01_easy,walk10,clean,0.5,0,108.5550000667572,,,,54.166876245943946,54.23810964723272,54.2775000333786
correlated,euroc,V1_01_easy,walk10,clean,1.0,0,108.5550000667572,,,,108.33885002145193,108.33885002145193,108.5550000667572
correlated,euroc,V1_01_easy,walk10,clean,2.0,0,108.5550000667572,,,,216.65905757963,216.65905757963,217.1100001335144
correlated,euroc,V1_01_easy,walk10,after_outage,0.0,0,108.5550000667572,,,,0.3673132672593135,1.4265914746896236,0.0
correlated,euroc,V1_01_easy,walk10,after_outage,0.05,0,108.5550000667572,,,,5.407245008366965,5.625129804834653,5.42775000333786
correlated,euroc,V1_01_easy,walk10,after_outage,0.2,0,108.5550000667572,,,,21.659052978130738,21.816944015456496,21.71100001335144
correlated,euroc,V1_01_easy,walk10,after_outage,0.5,0,108.5550000667572,,,,54.1725112942768,54.24322221478113,54.2775000333786
correlated,euroc,V1_01_easy,walk10,after_outage,1.0,0,108.5550000667572,,,,108.34693494273574,108.34693494273574,108.5550000667572
correlated,euroc,V1_01_easy,walk10,after_outage,2.0,0,108.5550000667572,,,,216.6735228457661,216.6735228457661,217.1100001335144
independent,euroc,V1_02_medium,walk10,clean,0.0,0,48.50499987602234,,,,0.2917681014631078,0.7846426914226988,0.0
independent,euroc,V1_02_medium,walk10,clean,0.05,0,48.50499987602234,,,,2.1793476097694193,2.4192698656380123,2.425249993801117
independent,euroc,V1_02_medium,walk10,clean,0.2,0,48.50499987602234,,,,9.227784423333459,9.235335296293743,9.700999975204468
independent,euroc,V1_02_medium,walk10,clean,0.5,0,48.50499987602234,,,,23.34403048993064,23.354711438831224,24.25249993801117
independent,euroc,V1_02_medium,walk10,clean,1.0,0,48.50499987602234,5.205,,,46.88444173245486,46.90001434703545,48.50499987602234
independent,euroc,V1_02_medium,walk10,clean,2.0,0,48.50499987602234,4.605,6.005,,6.7043781913239275,7.914897796031454,97.00999975204468
independent,euroc,V1_02_medium,walk10,after_outage,0.0,0,48.50499987602234,,,,0.2894449651414381,1.1250753562411475,0.0
independent,euroc,V1_02_medium,walk10,after_outage,0.05,0,48.50499987602234,,,,2.1818610601183495,2.4049386884124395,2.425249993801117
independent,euroc,V1_02_medium,walk10,after_outage,0.2,0,48.50499987602234,,,,9.229368898992567,9.23684632000488,9.700999975204468
independent,euroc,V1_02_medium,walk10,after_outage,0.5,0,48.50499987602234,,,,23.343872171914494,23.354492244883776,24.25249993801117
independent,euroc,V1_02_medium,walk10,after_outage,1.0,0,48.50499987602234,5.205,,,46.88436006007453,46.89991245226607,48.50499987602234
independent,euroc,V1_02_medium,walk10,after_outage,2.0,0,48.50499987602234,4.605,6.005,,6.239538161656556,7.903990284776235,97.00999975204468
correlated,euroc,V1_02_medium,walk10,clean,0.0,0,48.50499987602234,,,,0.44147543858910565,1.2626958609008814,0.0
correlated,euroc,V1_02_medium,walk10,clean,0.05,0,48.50499987602234,,,,2.1207892467891876,3.013089702699924,2.425249993801117
correlated,euroc,V1_02_medium,walk10,clean,0.2,0,48.50499987602234,,,,9.355761182846388,9.355761182846388,9.700999975204468
correlated,euroc,V1_02_medium,walk10,clean,0.5,0,48.50499987602234,,,,23.855649054518587,23.855649054518587,24.25249993801117
correlated,euroc,V1_02_medium,walk10,clean,1.0,0,48.50499987602234,,,,48.025303309591855,48.025303309591855,48.50499987602234
correlated,euroc,V1_02_medium,walk10,clean,2.0,0,48.50499987602234,,,,96.37817983637288,96.37817983637288,97.00999975204468
correlated,euroc,V1_02_medium,walk10,after_outage,0.0,0,48.50499987602234,,,,0.4533101382377549,1.6145162292127322,0.0
correlated,euroc,V1_02_medium,walk10,after_outage,0.05,0,48.50499987602234,,,,2.1099434790740514,3.012295752735211,2.425249993801117
correlated,euroc,V1_02_medium,walk10,after_outage,0.2,0,48.50499987602234,,,,9.338241877744576,9.338241877744576,9.700999975204468
correlated,euroc,V1_02_medium,walk10,after_outage,0.5,0,48.50499987602234,,,,23.82225809597299,23.82225809597299,24.25249993801117
correlated,euroc,V1_02_medium,walk10,after_outage,1.0,0,48.50499987602234,,,,47.95028320267167,47.95028320267167,48.50499987602234
correlated,euroc,V1_02_medium,walk10,after_outage,2.0,0,48.50499987602234,,,,96.15759999224869,96.15759999224869,97.00999975204468
independent,euroc,V1_03_difficult,walk10,clean,0.0,0,69.65500020980835,,,,0.3658344211810349,0.9884981222537422,0.0
independent,euroc,V1_03_difficult,walk10,clean,0.05,0,69.65500020980835,,,,3.7372875389664144,3.746250923761492,3.4827500104904177
independent,euroc,V1_03_difficult,walk10,clean,0.2,0,69.65500020980835,,,,13.972581069236576,13.982653135606332,13.93100004196167
independent,euroc,V1_03_difficult,walk10,clean,0.5,0,69.65500020980835,,,,34.44920212032187,34.46151178680629,34.827500104904175
independent,euroc,V1_03_difficult,walk10,clean,1.0,0,69.65500020980835,5.200,,,68.53299038415128,68.54882779484129,69.65500020980835
independent,euroc,V1_03_difficult,walk10,clean,2.0,0,69.65500020980835,5.200,6.000,,6.88039151367821,8.961704629611432,139.3100004196167
independent,euroc,V1_03_difficult,walk10,after_outage,0.0,0,69.65500020980835,,,,0.3668597698426783,0.9861943445253015,0.0
independent,euroc,V1_03_difficult,walk10,after_outage,0.05,0,69.65500020980835,,,,3.737645904781209,3.7466001056568095,3.4827500104904177
independent,euroc,V1_03_difficult,walk10,after_outage,0.2,0,69.65500020980835,,,,13.972808375085242,13.982857166541232,13.93100004196167
independent,euroc,V1_03_difficult,walk10,after_outage,0.5,0,69.65500020980835,,,,34.44897059316248,34.46121804215326,34.827500104904175
independent,euroc,V1_03_difficult,walk10,after_outage,1.0,0,69.65500020980835,5.200,,,68.53326553226398,68.5488340941852,69.65500020980835
independent,euroc,V1_03_difficult,walk10,after_outage,2.0,0,69.65500020980835,5.200,6.000,,6.258939749362033,8.771212641992845,139.3100004196167
correlated,euroc,V1_03_difficult,walk10,clean,0.0,0,69.65500020980835,,,,0.46543401673278945,1.276271045813777,0.0
correlated,euroc,V1_03_difficult,walk10,clean,0.05,0,69.65500020980835,,,,3.8335290871096985,3.8447356496157394,3.4827500104904177
correlated,euroc,V1_03_difficult,walk10,clean,0.2,0,69.65500020980835,,,,14.250465470784322,14.250465470784322,13.93100004196167
correlated,euroc,V1_03_difficult,walk10,clean,0.5,0,69.65500020980835,,,,35.10184453712047,35.10184453712047,34.827500104904175
correlated,euroc,V1_03_difficult,walk10,clean,1.0,0,69.65500020980835,,,,69.8591002445942,69.8591002445942,69.65500020980835
correlated,euroc,V1_03_difficult,walk10,clean,2.0,0,69.65500020980835,,,,139.37776721627705,139.37776721627705,139.3100004196167
correlated,euroc,V1_03_difficult,walk10,after_outage,0.0,0,69.65500020980835,,,,0.4573819591348252,1.3324277730130123,0.0
correlated,euroc,V1_03_difficult,walk10,after_outage,0.05,0,69.65500020980835,,,,3.830136059896485,3.8365841438057937,3.4827500104904177
correlated,euroc,V1_03_difficult,walk10,after_outage,0.2,0,69.65500020980835,,,,14.248750068036468,14.248750068036468,13.93100004196167
correlated,euroc,V1_03_difficult,walk10,after_outage,0.5,0,69.65500020980835,,,,35.102088331921415,35.102088331921415,34.827500104904175
correlated,euroc,V1_03_difficult,walk10,after_outage,1.0,0,69.65500020980835,,,,69.86180246692932,69.86180246692932,69.65500020980835
correlated,euroc,V1_03_difficult,walk10,after_outage,2.0,0,69.65500020980835,,,,139.38303696681243,139.38303696681243,139.3100004196167
independent,euroc,V2_01_easy,walk10,clean,0.0,0,77.0,,,,0.314253262240893,0.9854287771162483,0.0
independent,euroc,V2_01_easy,walk10,clean,0.05,0,77.0,,,,3.876860566236191,4.173277173906867,3.85
independent,euroc,V2_01_easy,walk10,clean,0.2,0,77.0,,,,15.199361102366261,15.409166866757731,15.4
independent,euroc,V2_01_easy,walk10,clean,0.5,0,77.0,,,,37.82128824030596,37.88452257474115,38.5
independent,euroc,V2_01_easy,walk10,clean,1.0,0,77.0,5.200,38.400,,37.23080834515916,37.63407532703844,77.0
independent,euroc,V2_01_easy,walk10,clean,2.0,0,77.0,4.605,6.000,,5.214501082209884,6.988187117565058,154.0
independent,euroc,V2_01_easy,walk10,after_outage,0.0,0,77.0,,,,0.31653414533969537,0.989191721592876,0.0
independent,euroc,V2_01_easy,walk10,after_outage,0.05,0,77.0,,,,3.8785404440416156,4.174945600332357,3.85
independent,euroc,V2_01_easy,walk10,after_outage,0.2,0,77.0,,,,15.200704242801772,15.41063135057345,15.4
independent,euroc,V2_01_easy,walk10,after_outage,0.5,0,77.0,,,,37.820484616398,37.88357398195476,38.5
independent,euroc,V2_01_easy,walk10,after_outage,1.0,0,77.0,5.200,38.400,,37.235348917156045,37.63941565479346,77.0
independent,euroc,V2_01_easy,walk10,after_outage,2.0,0,77.0,4.605,6.000,,4.746783398340235,6.904748877244427,154.0
correlated,euroc,V2_01_easy,walk10,clean,0.0,0,77.0,,,,0.4583221443110382,1.2751186516069464,0.0
correlated,euroc,V2_01_easy,walk10,clean,0.05,0,77.0,,,,3.7841178765490224,4.221585504587555,3.85
correlated,euroc,V2_01_easy,walk10,clean,0.2,0,77.0,,,,15.287383916301224,15.663362642685653,15.4
correlated,euroc,V2_01_easy,walk10,clean,0.5,0,77.0,,,,38.336176180963264,38.58329736918674,38.5
correlated,euroc,V2_01_easy,walk10,clean,1.0,0,77.0,,,,76.78031245780122,76.97035810617037,77.0
correlated,euroc,V2_01_easy,walk10,clean,2.0,0,77.0,,,,153.7095338523271,153.8845879271824,154.0
correlated,euroc,V2_01_easy,walk10,after_outage,0.0,0,77.0,,,,0.47762199234840813,1.3934658080702138,0.0
correlated,euroc,V2_01_easy,walk10,after_outage,0.05,0,77.0,,,,3.8416719200910237,4.292544697785732,3.85
correlated,euroc,V2_01_easy,walk10,after_outage,0.2,0,77.0,,,,15.364237011641904,15.762556159732755,15.4
correlated,euroc,V2_01_easy,walk10,after_outage,0.5,0,77.0,,,,38.4582250998039,38.74718793266075,38.5
correlated,euroc,V2_01_easy,walk10,after_outage,1.0,0,77.0,,,,76.82967464447947,77.03948697682353,77.0
correlated,euroc,V2_01_easy,walk10,after_outage,2.0,0,77.0,,,,153.3425152486986,153.4574321327858,154.0
independent,euroc,V2_02_medium,walk10,clean,0.0,0,80.44999980926514,,,,0.5862921746065699,0.9273361420266927,0.0
independent,euroc,V2_02_medium,walk10,clean,0.05,0,80.44999980926514,,,,4.036691841275776,4.1627839524715915,4.022499990463257
independent,euroc,V2_02_medium,walk10,clean,0.2,0,80.44999980926514,,,,15.86280579551564,15.86280579551564,16.089999961853028
independent,euroc,V2_02_medium,walk10,clean,0.5,0,80.44999980926514,,,,39.57070726727054,39.57070726727054,40.22499990463257
independent,euroc,V2_02_medium,walk10,clean,1.0,0,80.44999980926514,5.200,,,79.10241030065467,79.10241030065467,80.44999980926514
independent,euroc,V2_02_medium,walk10,clean,2.0,0,80.44999980926514,5.200,8.000,,11.999763230313507,13.234967192324321,160.89999961853027
independent,euroc,V2_02_medium,walk10,after_outage,0.0,0,80.44999980926514,,,,0.5866913932732079,0.9737587335718959,0.0
independent,euroc,V2_02_medium,walk10,after_outage,0.05,0,80.44999980926514,,,,4.036296771729906,4.161670123967619,4.022499990463257
independent,euroc,V2_02_medium,walk10,after_outage,0.2,0,80.44999980926514,,,,15.862519070885261,15.862519070885261,16.089999961853028
independent,euroc,V2_02_medium,walk10,after_outage,0.5,0,80.44999980926514,,,,39.57067770694455,39.57067770694455,40.22499990463257
independent,euroc,V2_02_medium,walk10,after_outage,1.0,0,80.44999980926514,5.200,,,79.10237087240561,79.10237087240561,80.44999980926514
independent,euroc,V2_02_medium,walk10,after_outage,2.0,0,80.44999980926514,5.200,8.000,,12.51259672526988,14.286571107631914,160.89999961853027
correlated,euroc,V2_02_medium,walk10,clean,0.0,0,80.44999980926514,,,,0.5483338518374187,1.2733971621761213,0.0
correlated,euroc,V2_02_medium,walk10,clean,0.05,0,80.44999980926514,,,,4.112983283243612,4.128826876566077,4.022499990463257
correlated,euroc,V2_02_medium,walk10,clean,0.2,0,80.44999980926514,,,,16.13092731518758,16.13092731518758,16.089999961853028
correlated,euroc,V2_02_medium,walk10,clean,0.5,0,80.44999980926514,,,,40.21510350446604,40.21510350446604,40.22499990463257
correlated,euroc,V2_02_medium,walk10,clean,1.0,0,80.44999980926514,,,,80.36110551648483,80.36110551648483,80.44999980926514
correlated,euroc,V2_02_medium,walk10,clean,2.0,0,80.44999980926514,,,,160.63702879380193,160.63702879380193,160.89999961853027
correlated,euroc,V2_02_medium,walk10,after_outage,0.0,0,80.44999980926514,,,,0.5510268431244619,1.279641461355644,0.0
correlated,euroc,V2_02_medium,walk10,after_outage,0.05,0,80.44999980926514,,,,4.111122962047022,4.128895277751036,4.022499990463257
correlated,euroc,V2_02_medium,walk10,after_outage,0.2,0,80.44999980926514,,,,16.12930885410993,16.12930885410993,16.089999961853028
correlated,euroc,V2_02_medium,walk10,after_outage,0.5,0,80.44999980926514,,,,40.21437807132636,40.21437807132636,40.22499990463257
correlated,euroc,V2_02_medium,walk10,after_outage,1.0,0,80.44999980926514,,,,80.3614250743517,80.3614250743517,80.44999980926514
correlated,euroc,V2_02_medium,walk10,after_outage,2.0,0,80.44999980926514,,,,160.62575832624236,160.62575832624236,160.89999961853027
independent,euroc,V2_03_difficult,walk10,clean,0.0,0,79.84499979019165,,,,0.366425393354532,0.8897600302999201,0.0
independent,euroc,V2_03_difficult,walk10,clean,0.05,0,79.84499979019165,,,,3.8561304778071723,4.070953159407965,3.992249989509583
independent,euroc,V2_03_difficult,walk10,clean,0.2,0,79.84499979019165,,,,15.610393627797782,15.625263658409096,15.968999958038331
independent,euroc,V2_03_difficult,walk10,clean,0.5,0,79.84499979019165,,,,39.14177108889288,39.14177108889288,39.922499895095825
independent,euroc,V2_03_difficult,walk10,clean,1.0,0,79.84499979019165,5.200,,,78.18277493997053,78.18277493997053,79.84499979019165
independent,euroc,V2_03_difficult,walk10,clean,2.0,0,79.84499979019165,5.200,8.000,,12.530885415814396,14.738076799381606,159.6899995803833
independent,euroc,V2_03_difficult,walk10,after_outage,0.0,0,79.84499979019165,,,,0.36612320999252396,1.0372833431461732,0.0
independent,euroc,V2_03_difficult,walk10,after_outage,0.05,0,79.84499979019165,,,,3.8566145548650987,4.070923421617911,3.992249989509583
independent,euroc,V2_03_difficult,walk10,after_outage,0.2,0,79.84499979019165,,,,15.611337692716562,15.62614992464397,15.968999958038331
independent,euroc,V2_03_difficult,walk10,after_outage,0.5,0,79.84499979019165,,,,39.14393842915349,39.14393842915349,39.922499895095825
independent,euroc,V2_03_difficult,walk10,after_outage,1.0,0,79.84499979019165,5.200,,,78.18637838398654,78.18637838398654,79.84499979019165
independent,euroc,V2_03_difficult,walk10,after_outage,2.0,0,79.84499979019165,5.200,8.000,,12.703343806653185,15.39055613473088,159.6899995803833
correlated,euroc,V2_03_difficult,walk10,clean,0.0,0,79.84499979019165,,,,0.5734389476696493,1.2472869780508662,0.0
correlated,euroc,V2_03_difficult,walk10,clean,0.05,0,79.84499979019165,,,,3.8561549305378784,4.044121305040952,3.992249989509583
correlated,euroc,V2_03_difficult,walk10,clean,0.2,0,79.84499979019165,,,,15.779285951142462,15.779285951142462,15.968999958038331
correlated,euroc,V2_03_difficult,walk10,clean,0.5,0,79.84499979019165,,,,39.677716913844385,39.677716913844385,39.922499895095825
correlated,euroc,V2_03_difficult,walk10,clean,1.0,0,79.84499979019165,,,,79.51122641226385,79.51122641226385,79.84499979019165
correlated,euroc,V2_03_difficult,walk10,clean,2.0,0,79.84499979019165,,,,159.16713190706315,159.16713190706315,159.6899995803833
correlated,euroc,V2_03_difficult,walk10,after_outage,0.0,0,79.84499979019165,,,,0.5780391695126983,1.468779883713644,0.0
correlated,euroc,V2_03_difficult,walk10,after_outage,0.05,0,79.84499979019165,,,,3.8615650567226356,4.042318936156645,3.992249989509583
correlated,euroc,V2_03_difficult,walk10,after_outage,0.2,0,79.84499979019165,,,,15.783275257526318,15.783275257526318,15.968999958038331
correlated,euroc,V2_03_difficult,walk10,after_outage,0.5,0,79.84499979019165,,,,39.67854345070646,39.67854345070646,39.922499895095825
correlated,euroc,V2_03_difficult,walk10,after_outage,1.0,0,79.84499979019165,,,,79.50294361910576,79.50294361910576,79.84499979019165
correlated,euroc,V2_03_difficult,walk10,after_outage,2.0,0,79.84499979019165,70.605,,,159.13535700452778,159.13535700452778,159.6899995803833
independent,tumvi,room1,file-walk10,clean,0.0,0,106.02258610725403,,,,0.20622985346546266,0.8449912965352439,0.0
independent,tumvi,room1,file-walk10,clean,0.05,0,106.02258610725403,,,,5.067794259353807,5.328976033998324,5.301129305362702
independent,tumvi,room1,file-walk10,clean,0.2,0,106.02258610725403,,,,20.783838351915897,20.783838351915897,21.204517221450807
independent,tumvi,room1,file-walk10,clean,0.5,0,106.02258610725403,82.604,,,52.21694151515419,52.21694151515419,53.011293053627014
independent,tumvi,room1,file-walk10,clean,1.0,0,106.02258610725403,5.200,,,104.60793654791608,104.60793654791608,106.02258610725403
independent,tumvi,room1,file-walk10,clean,2.0,0,106.02258610725403,4.603,6.003,,8.660256753764097,9.5065339603426,212.04517221450806
independent,tumvi,room1,file-walk10,after_outage,0.0,0,106.02258610725403,,,,0.20606367925875543,1.2390483153004124,0.0
independent,tumvi,room1,file-walk10,after_outage,0.05,0,106.02258610725403,,,,5.068236360268486,5.328787430684183,5.301129305362702
independent,tumvi,room1,file-walk10,after_outage,0.2,0,106.02258610725403,,,,20.784231629959745,20.784231629959745,21.204517221450807
independent,tumvi,room1,file-walk10,after_outage,0.5,0,106.02258610725403,82.604,,,52.21715910776395,52.21715910776395,53.011293053627014
independent,tumvi,room1,file-walk10,after_outage,1.0,0,106.02258610725403,5.200,,,104.60789572438202,104.60789572438202,106.02258610725403
independent,tumvi,room1,file-walk10,after_outage,2.0,0,106.02258610725403,4.603,6.003,,7.63393261953583,8.655871437454607,212.04517221450806
correlated,tumvi,room1,file-walk10,clean,0.0,0,106.02258610725403,,,,0.22279644144179098,1.0792395283089213,0.0
correlated,tumvi,room1,file-walk10,clean,0.05,0,106.02258610725403,,,,5.109956379850335,5.411545791062263,5.301129305362702
correlated,tumvi,room1,file-walk10,clean,0.2,0,106.02258610725403,,,,20.995876927755045,20.995876927755045,21.204517221450807
correlated,tumvi,room1,file-walk10,clean,0.5,0,106.02258610725403,,,,52.76944057272096,52.76944057272096,53.011293053627014
correlated,tumvi,room1,file-walk10,clean,1.0,0,106.02258610725403,,,,105.72533608474413,105.72533608474413,106.02258610725403
correlated,tumvi,room1,file-walk10,clean,2.0,0,106.02258610725403,,,,211.63595064712916,211.63595064712916,212.04517221450806
correlated,tumvi,room1,file-walk10,after_outage,0.0,0,106.02258610725403,,,,0.2230196681467537,1.6592988500748551,0.0
correlated,tumvi,room1,file-walk10,after_outage,0.05,0,106.02258610725403,,,,5.110585447958864,5.4124663946172795,5.301129305362702
correlated,tumvi,room1,file-walk10,after_outage,0.2,0,106.02258610725403,,,,20.99644148059095,20.99644148059095,21.204517221450807
correlated,tumvi,room1,file-walk10,after_outage,0.5,0,106.02258610725403,,,,52.77005661067347,52.77005661067347,53.011293053627014
correlated,tumvi,room1,file-walk10,after_outage,1.0,0,106.02258610725403,,,,105.7263543843466,105.7263543843466,106.02258610725403
correlated,tumvi,room1,file-walk10,after_outage,2.0,0,106.02258610725403,,,,211.6401649827443,211.6401649827443,212.04517221450806
independent,tumvi,room2,file-walk10,clean,0.0,0,109.06208992004395,,,,0.36038409532652815,0.9261167833956389,0.0
independent,tumvi,room2,file-walk10,clean,0.05,0,109.06208992004395,,,,5.288870629249998,5.338622274692791,5.453104496002197
independent,tumvi,room2,file-walk10,clean,0.2,0,109.06208992004395,,,,21.43473449011419,21.4422736769667,21.81241798400879
independent,tumvi,room2,file-walk10,clean,0.5,0,109.06208992004395,,,,53.74328850502753,53.75239109830963,54.53104496002197
independent,tumvi,room2,file-walk10,clean,1.0,0,109.06208992004395,5.202,,,107.59510866532959,107.6063917547849,109.06208992004395
independent,tumvi,room2,file-walk10,clean,2.0,0,109.06208992004395,2.202,3.602,,3.6266244996798114,4.049504416683825,218.1241798400879
independent,tumvi,room2,file-walk10,after_outage,0.0,0,109.06208992004395,,,,0.35993054593517754,0.9190093504386703,0.0
independent,tumvi,room2,file-walk10,after_outage,0.05,0,109.06208992004395,,,,5.2885268143783275,5.338331549259903,5.453104496002197
independent,tumvi,room2,file-walk10,after_outage,0.2,0,109.06208992004395,,,,21.433973451278145,21.44150189432709,21.81241798400879
independent,tumvi,room2,file-walk10,after_outage,0.5,0,109.06208992004395,,,,53.74190494886439,53.75100719361509,54.53104496002197
independent,tumvi,room2,file-walk10,after_outage,1.0,0,109.06208992004395,5.202,,,107.59275292381857,107.60409066449122,109.06208992004395
independent,tumvi,room2,file-walk10,after_outage,2.0,0,109.06208992004395,4.605,6.004,,6.716864126526903,8.41312264975332,218.1241798400879
correlated,tumvi,room2,file-walk10,clean,0.0,0,109.06208992004395,,,,0.48269785038097557,1.0675040251713506,0.0
correlated,tumvi,room2,file-walk10,clean,0.05,0,109.06208992004395,,,,5.4322985324754445,5.523880883424745,5.453104496002197
correlated,tumvi,room2,file-walk10,clean,0.2,0,109.06208992004395,,,,21.757976578004833,21.757976578004833,21.81241798400879
correlated,tumvi,room2,file-walk10,clean,0.5,0,109.06208992004395,,,,54.43890533283874,54.43890533283874,54.53104496002197
correlated,tumvi,room2,file-walk10,clean,1.0,0,109.06208992004395,,,,108.91366461251222,108.91366461251222,109.06208992004395
correlated,tumvi,room2,file-walk10,clean,2.0,0,109.06208992004395,5.202,,,217.879142488844,217.879142488844,218.1241798400879
correlated,tumvi,room2,file-walk10,after_outage,0.0,0,109.06208992004395,,,,0.48350862735605193,1.4426840917935646,0.0
correlated,tumvi,room2,file-walk10,after_outage,0.05,0,109.06208992004395,,,,5.42696926800201,5.518482769836578,5.453104496002197
correlated,tumvi,room2,file-walk10,after_outage,0.2,0,109.06208992004395,,,,21.74924182560727,21.74924182560727,21.81241798400879
correlated,tumvi,room2,file-walk10,after_outage,0.5,0,109.06208992004395,,,,54.42168956481076,54.42168956481076,54.53104496002197
correlated,tumvi,room2,file-walk10,after_outage,1.0,0,109.06208992004395,,,,108.87682602516485,108.87682602516485,109.06208992004395
correlated,tumvi,room2,file-walk10,after_outage,2.0,0,109.06208992004395,,,,217.7844248698095,217.7844248698095,218.1241798400879
independent,tumvi,room3,file-walk10,clean,0.0,0,106.015207529068,,,,0.3712702363646836,1.0172913173847444,0.0
independent,tumvi,room3,file-walk10,clean,0.05,0,106.015207529068,,,,5.100438533681187,5.214982726583674,5.3007603764534
independent,tumvi,room3,file-walk10,clean,0.2,0,106.015207529068,,,,20.805646276831943,20.805646276831943,21.2030415058136
independent,tumvi,room3,file-walk10,clean,0.5,0,106.015207529068,,,,52.22505447575176,52.22505447575176,53.007603764534
independent,tumvi,room3,file-walk10,clean,1.0,0,106.015207529068,5.201,,,104.58258920426637,104.58258920426637,106.015207529068
independent,tumvi,room3,file-walk10,clean,2.0,0,106.015207529068,3.004,6.004,,8.761681662264216,10.293575060344608,212.030415058136
independent,tumvi,room3,file-walk10,after_outage,0.0,0,106.015207529068,,,,0.37015491132297557,1.1666238720567248,0.0
independent,tumvi,room3,file-walk10,after_outage,0.05,0,106.015207529068,,,,5.1024144295818346,5.217150512616093,5.3007603764534
independent,tumvi,room3,file-walk10,after_outage,0.2,0,106.015207529068,,,,20.80842462878407,20.80842462878407,21.2030415058136
independent,tumvi,room3,file-walk10,after_outage,0.5,0,106.015207529068,,,,52.2299591032136,52.2299591032136,53.007603764534
independent,tumvi,room3,file-walk10,after_outage,1.0,0,106.015207529068,5.201,,,104.59171150500482,104.59171150500482,106.015207529068
independent,tumvi,room3,file-walk10,after_outage,2.0,0,106.015207529068,4.604,6.004,,7.428919233826625,8.983816086837207,212.030415058136
correlated,tumvi,room3,file-walk10,clean,0.0,0,106.015207529068,,,,0.4213588864813787,1.1759814269942033,0.0
correlated,tumvi,room3,file-walk10,clean,0.05,0,106.015207529068,,,,5.112823534709342,5.309164013993689,5.3007603764534
correlated,tumvi,room3,file-walk10,clean,0.2,0,106.015207529068,,,,20.986727600268893,20.986727600268893,21.2030415058136
correlated,tumvi,room3,file-walk10,clean,0.5,0,106.015207529068,,,,52.75208670603291,52.75208670603291,53.007603764534
correlated,tumvi,room3,file-walk10,clean,1.0,0,106.015207529068,,,,105.69370543322168,105.69370543322168,106.015207529068
correlated,tumvi,room3,file-walk10,clean,2.0,0,106.015207529068,5.201,,,211.57434839114595,211.57434839114595,212.030415058136
correlated,tumvi,room3,file-walk10,after_outage,0.0,0,106.015207529068,,,,0.41592476725635347,1.4815469849655059,0.0
correlated,tumvi,room3,file-walk10,after_outage,0.05,0,106.015207529068,,,,5.119748692252815,5.31845200429864,5.3007603764534
correlated,tumvi,room3,file-walk10,after_outage,0.2,0,106.015207529068,,,,20.996082390899964,20.996082390899964,21.2030415058136
correlated,tumvi,room3,file-walk10,after_outage,0.5,0,106.015207529068,,,,52.76694864742538,52.76694864742538,53.007603764534
correlated,tumvi,room3,file-walk10,after_outage,1.0,0,106.015207529068,,,,105.7204549145858,105.7204549145858,106.015207529068
correlated,tumvi,room3,file-walk10,after_outage,2.0,0,106.015207529068,,,,211.62586901035428,211.62586901035428,212.030415058136
independent,tumvi,room4,file-walk10,clean,0.0,0,76.36247491836548,,,,0.28674004466811204,1.0016055864451803,0.0
independent,tumvi,room4,file-walk10,clean,0.05,0,76.36247491836548,,,,3.739438533633921,3.83115448947329,3.818123745918274
independent,tumvi,room4,file-walk10,clean,0.2,0,76.36247491836548,,,,14.979481439468627,15.013113326522145,15.272494983673097
independent,tumvi,room4,file-walk10,clean,0.5,0,76.36247491836548,,,,37.47532490384398,37.476311258726824,38.18123745918274
independent,tumvi,room4,file-walk10,clean,1.0,0,76.36247491836548,5.201,,,74.68896251163235,74.68896251163235,76.36247491836548
independent,tumvi,room4,file-walk10,clean,2.0,0,76.36247491836548,4.604,6.003,,5.738955405834562,7.545170076264101,152.72494983673096
independent,tumvi,room4,file-walk10,after_outage,0.0,0,76.36247491836548,,,,0.28631631042118527,1.187205014875151,0.0
independent,tumvi,room4,file-walk10,after_outage,0.05,0,76.36247491836548,,,,3.7407800159273763,3.831771478366404,3.818123745918274
independent,tumvi,room4,file-walk10,after_outage,0.2,0,76.36247491836548,,,,14.981486559756826,15.014729091427633,15.272494983673097
independent,tumvi,room4,file-walk10,after_outage,0.5,0,76.36247491836548,,,,37.480254927592355,37.480254927592355,38.18123745918274
independent,tumvi,room4,file-walk10,after_outage,1.0,0,76.36247491836548,5.201,,,74.69692591639638,74.69692591639638,76.36247491836548
independent,tumvi,room4,file-walk10,after_outage,2.0,0,76.36247491836548,4.604,6.003,,5.237170387962577,7.243088090901202,152.72494983673096
correlated,tumvi,room4,file-walk10,clean,0.0,0,76.36247491836548,,,,0.31953287205369546,1.301383807356113,0.0
correlated,tumvi,room4,file-walk10,clean,0.05,0,76.36247491836548,,,,3.7021378888028416,3.9728564086015115,3.818123745918274
correlated,tumvi,room4,file-walk10,clean,0.2,0,76.36247491836548,,,,15.125708112587677,15.274690847874549,15.272494983673097
correlated,tumvi,room4,file-walk10,clean,0.5,0,76.36247491836548,,,,37.99060930931305,38.08731711811364,38.18123745918274
correlated,tumvi,room4,file-walk10,clean,1.0,0,76.36247491836548,,,,76.10718461274283,76.11938651944945,76.36247491836548
correlated,tumvi,room4,file-walk10,clean,2.0,0,76.36247491836548,,,,152.344972917704,152.344972917704,152.72494983673096
correlated,tumvi,room4,file-walk10,after_outage,0.0,0,76.36247491836548,,,,0.3191998379026184,1.5732270482674295,0.0
correlated,tumvi,room4,file-walk10,after_outage,0.05,0,76.36247491836548,,,,3.704127810030802,3.9858489283459133,3.818123745918274
correlated,tumvi,room4,file-walk10,after_outage,0.2,0,76.36247491836548,,,,15.127750040617475,15.276655449921435,15.272494983673097
correlated,tumvi,room4,file-walk10,after_outage,0.5,0,76.36247491836548,,,,37.99192884743144,38.08858586133719,38.18123745918274
correlated,tumvi,room4,file-walk10,after_outage,1.0,0,76.36247491836548,,,,76.10308798454788,76.11545623566074,76.36247491836548
correlated,tumvi,room4,file-walk10,after_outage,2.0,0,76.36247491836548,,,,152.324678840919,152.324678840919,152.72494983673096
independent,tumvi,room5,file-walk10,clean,0.0,0,107.31587028503418,,,,0.368130530718077,0.9017187070285287,0.0
independent,tumvi,room5,file-walk10,clean,0.05,0,107.31587028503418,,,,5.068201470247826,5.156994723590428,5.36579351425171
independent,tumvi,room5,file-walk10,clean,0.2,0,107.31587028503418,,,,20.96422729302804,21.020766507072505,21.46317405700684
independent,tumvi,room5,file-walk10,clean,0.5,0,107.31587028503418,82.604,,,52.76817058485939,52.80501800951961,53.65793514251709
independent,tumvi,room5,file-walk10,clean,1.0,0,107.31587028503418,5.202,,,105.7498879298558,105.78719350047443,107.31587028503418
independent,tumvi,room5,file-walk10,clean,2.0,0,107.31587028503418,4.600,6.005,,5.811886523313873,8.790151078876747,214.63174057006836
independent,tumvi,room5,file-walk10,after_outage,0.0,0,107.31587028503418,,,,0.3682913527722216,1.1900063896575677,0.0
independent,tumvi,room5,file-walk10,after_outage,0.05,0,107.31587028503418,,,,5.068049838648713,5.156810970545094,5.36579351425171
independent,tumvi,room5,file-walk10,after_outage,0.2,0,107.31587028503418,,,,20.96404825373544,21.020600754127262,21.46317405700684
independent,tumvi,room5,file-walk10,after_outage,0.5,0,107.31587028503418,82.604,,,52.7680044699003,52.80491176959665,53.65793514251709
independent,tumvi,room5,file-walk10,after_outage,1.0,0,107.31587028503418,5.202,,,105.74994113975953,105.78722827901044,107.31587028503418
independent,tumvi,room5,file-walk10,after_outage,2.0,0,107.31587028503418,4.600,6.005,,5.059324861232851,8.015216406716412,214.63174057006836
correlated,tumvi,room5,file-walk10,clean,0.0,0,107.31587028503418,,,,0.4117803632243533,1.1212463467365679,0.0
correlated,tumvi,room5,file-walk10,clean,0.05,0,107.31587028503418,,,,5.098626900439314,5.3270311507665955,5.36579351425171
correlated,tumvi,room5,file-walk10,clean,0.2,0,107.31587028503418,,,,21.171257322558024,21.20183181680348,21.46317405700684
correlated,tumvi,room5,file-walk10,clean,0.5,0,107.31587028503418,,,,53.329494150647,53.329494150647,53.65793514251709
correlated,tumvi,room5,file-walk10,clean,1.0,0,107.31587028503418,,,,106.92726623332904,106.92726623332904,107.31587028503418
correlated,tumvi,room5,file-walk10,clean,2.0,0,107.31587028503418,6.200,,,214.1124669764626,214.1124669764626,214.63174057006836
correlated,tumvi,room5,file-walk10,after_outage,0.0,0,107.31587028503418,,,,0.411464336782362,1.7108486514807475,0.0
correlated,tumvi,room5,file-walk10,after_outage,0.05,0,107.31587028503418,,,,5.098247405480084,5.327438735506786,5.36579351425171
correlated,tumvi,room5,file-walk10,after_outage,0.2,0,107.31587028503418,,,,21.170738257152337,21.201327897733343,21.46317405700684
correlated,tumvi,room5,file-walk10,after_outage,0.5,0,107.31587028503418,,,,53.32838794203027,53.32838794203027,53.65793514251709
correlated,tumvi,room5,file-walk10,after_outage,1.0,0,107.31587028503418,,,,106.9241404790309,106.9241404790309,107.31587028503418
correlated,tumvi,room5,file-walk10,after_outage,2.0,0,107.31587028503418,,,,214.09902558644725,214.09902558644725,214.63174057006836
independent,tumvi,room6,file-walk10,clean,0.0,0,95.82153820991516,,,,0.6333155277547791,1.0627209441001777,0.0
independent,tumvi,room6,file-walk10,clean,0.05,0,95.82153820991516,,,,4.603062621488176,4.684144542000275,4.791076910495758
independent,tumvi,room6,file-walk10,clean,0.2,0,95.82153820991516,,,,18.750897932828497,18.750897932828497,19.164307641983033
independent,tumvi,room6,file-walk10,clean,0.5,0,95.82153820991516,,,,47.11170947949224,47.11170947949224,47.91076910495758
independent,tumvi,room6,file-walk10,clean,1.0,0,95.82153820991516,5.201,,,94.42566142463144,94.42566142463144,95.82153820991516
independent,tumvi,room6,file-walk10,clean,2.0,0,95.82153820991516,4.604,6.003,,7.0795361749756305,8.757975645360155,191.64307641983032
independent,tumvi,room6,file-walk10,after_outage,0.0,0,95.82153820991516,,,,0.6334248398423447,1.068202911425593,0.0
independent,tumvi,room6,file-walk10,after_outage,0.05,0,95.82153820991516,,,,4.6029794998219655,4.683818451968155,4.791076910495758
independent,tumvi,room6,file-walk10,after_outage,0.2,0,95.82153820991516,,,,18.751059446144563,18.751059446144563,19.164307641983033
independent,tumvi,room6,file-walk10,after_outage,0.5,0,95.82153820991516,,,,47.112397918734075,47.112397918734075,47.91076910495758
independent,tumvi,room6,file-walk10,after_outage,1.0,0,95.82153820991516,5.201,,,94.43006773990943,94.43006773990943,95.82153820991516
independent,tumvi,room6,file-walk10,after_outage,2.0,0,95.82153820991516,4.604,6.003,,6.566298966187079,8.180626531120325,191.64307641983032
correlated,tumvi,room6,file-walk10,clean,0.0,0,95.82153820991516,,,,0.6242911345463432,1.2082216536441237,0.0
correlated,tumvi,room6,file-walk10,clean,0.05,0,95.82153820991516,,,,4.8137612026318255,4.8423106778223195,4.791076910495758
correlated,tumvi,room6,file-walk10,clean,0.2,0,95.82153820991516,,,,19.1397997165788,19.1397997165788,19.164307641983033
correlated,tumvi,room6,file-walk10,clean,0.5,0,95.82153820991516,,,,47.84643863961144,47.84643863961144,47.91076910495758
correlated,tumvi,room6,file-walk10,clean,1.0,0,95.82153820991516,,,,95.69850332187325,95.69850332187325,95.82153820991516
correlated,tumvi,room6,file-walk10,clean,2.0,0,95.82153820991516,,,,191.40505527678457,191.40505527678457,191.64307641983032
correlated,tumvi,room6,file-walk10,after_outage,0.0,0,95.82153820991516,,,,0.6247071268142712,1.4399183016204176,0.0
correlated,tumvi,room6,file-walk10,after_outage,0.05,0,95.82153820991516,,,,4.813600962940521,4.842463098660889,4.791076910495758
correlated,tumvi,room6,file-walk10,after_outage,0.2,0,95.82153820991516,,,,19.13972002876895,19.13972002876895,19.164307641983033
correlated,tumvi,room6,file-walk10,after_outage,0.5,0,95.82153820991516,,,,47.846588975460065,47.846588975460065,47.91076910495758
correlated,tumvi,room6,file-walk10,after_outage,1.0,0,95.82153820991516,,,,95.69922508527523,95.69922508527523,95.82153820991516
correlated,tumvi,room6,file-walk10,after_outage,2.0,0,95.82153820991516,,,,191.40979886720822,191.40979886720822,191.64307641983032
